,mean radius,mean texture,mean perimeter,mean area,mean smoothness,mean compactness,mean concavity,mean concave points,mean symmetry,mean fractal dimension,radius error,texture error,perimeter error,area error,smoothness error,compactness error,concavity error,concave points error,symmetry error,fractal dimension error,worst radius,worst texture,worst perimeter,worst area,worst smoothness,worst compactness,worst concavity,worst concave points,worst symmetry,worst fractal dimension
0,0.013801861295694051,0.008410333979498807,0.0,0.019532893162761134,0.0,0.0,0.01857521592288852,0.13654319930377215,0.0,0.0,0.0,0.0,0.04078406327957043,0.023314525972699174,0.0,-0.014504279075648024,0.0,0.004808855895560626,0.0,0.0,0.0,0.02780066139684073,0.01957108252224199,0.0413092331707767,-0.014277750667907,0.0,0.006371092802683775,0.05116111077609958,0.0,0.0
1,-0.001067342729833498,-0.02186831897449626,0.0,-0.030448792103554778,-0.003450573484486963,0.0,-0.025922523750562976,-0.1000835475388146,-0.0008231996224407068,-0.01587942348975302,-0.007790756744595229,-0.01179442077427409,-0.04029691040989947,-0.06388744724358131,0.023262367163331577,-0.027384098739505147,0.0,-0.021461750132454327,-0.023545237404979935,-0.002666433589401107,0.0,-0.00788938951219681,-0.01989227721959308,-0.049090632442079785,0.0,0.0,-0.038008762718571454,-0.13378276922339005,0.014544975332601129,-0.007570634909935481
2,0.0,0.0,0.0,-0.026538595687450817,0.0,0.0,-0.040169154841165566,-0.1529636037588571,0.0,0.0,-0.01840978218826622,-0.02059604002131271,0.0,-0.042754220675499,0.0,-0.044524604674471446,0.0,-0.005854791739166809,-0.02367117683648723,0.0,0.0,-0.02106783341143087,-0.007981509289170241,-0.0804366701725715,-0.029645438965327786,0.0,-0.049938761383462316,-0.038598514460210565,-0.007120503627037644,-0.006526698530579411
3,0.006772904668873703,0.004045584196695651,0.0,0.012476951436670963,0.0,0.0014672730999600037,0.0031880540788172818,0.08078673841465289,0.002585521954600517,0.00505923545319642,0.011029660561766685,0.006858016554666391,0.021407696799849302,0.03768148637659885,0.0,0.00481914795080457,0.0009092010866538491,0.012176076848198436,0.0,0.005831229792076731,0.004574561424994517,0.013712628868008392,0.009519821298095005,0.06182760848234892,-0.019141795354702756,0.0,0.0026258492487427343,0.06900399109413596,0.023984655401827648,0.0
4,0.0012148265302616146,0.05522153123902396,0.0,0.01143859580520687,0.0,0.0,0.012256170025189028,0.0502747532534753,0.0,0.0033707658360827564,0.0,0.004107382015649752,0.016331012104136344,0.015789055102929717,0.0,0.0035033733022405422,0.0034272550078974784,0.0,0.0,0.0028575947319216533,0.005294259881323232,0.046271939152957436,0.0024763260142022236,0.03617617429617481,0.008784721256163752,0.0,0.03987686660360856,0.04749915016207651,0.017030347417011205,0.0
5,0.0,-0.03112713362690217,0.0,-0.021128318923396838,-0.0033656418417368217,0.0,-0.02371936533089325,-0.08879308707490835,0.01556789561154337,0.0,-0.006029445231631236,0.0,-0.038065254291618666,-0.05141041336684815,0.0,-0.0020928395575209313,0.04661051291952151,-0.02673560491547089,-0.004587215465722938,0.0,-0.005191464434876725,-0.04942943452250198,-0.019214181837885702,-0.05669932986452497,-0.01572879713359432,0.0,-0.04744989244885872,-0.12710104727532362,-0.054181609314914614,-0.006926232334401261
6,-0.007109819853320598,-0.01765041090175376,0.0,-0.020682216606784654,-0.008274161403523883,-0.0048754913806247635,-0.0353714249672516,-0.11192653030038302,-0.0030267139192849957,0.012599281409840679,-0.00578489047507541,0.0,-0.03714495350034097,-0.0650824378384498,0.023015896702270555,0.0,0.0,-0.0073436723295166595,-0.019511655249150772,0.0,-0.0017619784150472162,-0.00813138626197124,-0.024164579399183317,-0.06701855940446544,-0.006337188689971851,0.019195059752847465,-0.05195230145908242,-0.15433210416359355,-0.007029532507135117,-0.007096129101514914
7,-0.01636712524471351,0.16537886644578703,0.0,-0.05573828756553301,0.0,0.0,-0.05744311584730011,-0.18355021280014056,0.0,-0.006232566224326497,-0.0121029591456297,-0.01249308022962936,-0.09223056827377152,-0.10991167359426213,0.0,0.016250109208464036,-0.006469963131568668,-0.035997664366688054,0.0,-0.0012421528696865969,-0.009713412848170844,0.10211238474490886,-0.05071470032174111,-0.09966798541899802,0.0,0.0,-0.07379421922567242,-0.06428026999521547,0.0,-0.012589303558579568
8,0.0,0.13517335137646397,0.0,0.0,0.0,0.0,-0.04130470084628585,-0.16678524375391687,0.0,0.0,0.0,0.0,0.0,0.023827138289784666,0.0,0.0,0.0,-0.031441691753973544,0.0,0.0,0.0,0.0,0.0,0.0,-0.030788968357640445,0.0,-0.08744367672665876,-0.32135371860526574,-0.09668038988497474,0.0
9,0.005426411585399055,0.04263300454464464,0.003953400263329382,0.012467306903315323,0.02267200018997248,-0.03312495659173202,0.016814660764187583,0.10168640380928679,0.0021798301772423256,0.0,0.0,0.0,0.005829373917276753,0.026475383283941667,0.0011327617348473595,-0.024802076949283935,0.02794531763771871,0.003546576975846011,0.0,0.007078578368596877,0.0,0.02332021182918681,0.004355459711175708,0.022585716311917303,0.004168315086974628,0.0,0.056433922705396156,0.043279020801662293,0.007145476676630791,0.0
10,0.010953562715919296,-0.05801875691918912,0.0,0.007277906026603803,0.010255781983138978,-0.09569671283036202,0.05964680218367238,0.12581559479844473,-0.01187642979201839,-0.010535695812011997,0.014027026470418896,0.012931399316935821,0.0376644724006146,0.06319506264664135,0.0,-0.12398646620687094,0.0,0.014351799620901079,-0.038382413711387314,0.0,0.014624132635139175,-0.0654996100244088,0.010172628627668268,0.07157424700783349,0.008828794181878818,-0.007500863983749162,0.15147013822531974,0.09930235104178042,0.10044261288169087,-0.017835263747071284
11,-0.01286544410865248,-0.00466893865186796,-0.007367494330104585,-0.016164825737178923,-0.019339299497318996,0.028036639752330228,-0.03046710868402791,-0.13150717190468048,0.0,-0.005274745119429103,-0.016938855737921088,0.0,-0.05739351177215124,-0.06105890617944987,0.0,-0.01614687890091554,-0.0026414746750741402,-0.03553495245131294,-0.007520670241470628,0.0,-0.008654560057843708,-0.012609082624844059,-0.023530451404092434,-0.07791431666619125,0.0,-0.007642158155890033,-0.04300583336146391,-0.03725757100612159,-0.007295705969345034,-0.0020345827774496117
12,0.0,-0.01018308404467888,0.0,0.008521168641592247,0.022747668243310704,-0.04169682294639321,0.02709942542849006,0.1441212191309341,0.0017356992138974903,0.0,0.004934986091680416,0.0,0.011399238146220542,0.03306234387373119,0.009870349705832338,-0.053525911765073764,0.03298137555963612,0.0039492904923723315,0.0,0.002486687455231673,0.005051934184979234,0.0068640664230638915,0.011450429692530906,0.010886371171450693,0.002818032287314004,0.0,0.06068528920641986,0.06596912180714598,0.021973221737844773,0.0
13,-0.008902634223779848,-0.031544704717396455,0.0,-0.03949633752690451,-0.005112306732589389,0.0,-0.06475605604723475,-0.1971894737255262,0.0,0.019860729383839815,-0.017536686127867462,0.02239669054567317,0.0,-0.11248154970579521,0.0,0.0,0.06993749454554932,0.0,0.0,0.022562634422112593,-0.007939663605892155,0.0,-0.021870179949817298,-0.10474306934338867,-0.04474532990685487,0.0,-0.07221759182722248,-0.011720602162316796,0.0,-0.011299263557055905
14,0.008656146842960816,0.080225092398711,0.0,0.0,0.0,-0.03097430643347343,0.022881648591151382,0.07137905372805647,0.0,0.0039353631534188305,0.006010444456719027,0.0,0.01541159989553173,0.03168003352560067,0.009308211110712034,-0.056714484988113587,0.024373512527176205,0.009441133269507018,-0.013986232334220416,0.0,0.0,0.05000877213166699,0.005229448829551453,0.028086842015748292,0.0124878092467533,0.0,0.06356101301953399,0.03988355082232614,0.0,0.002317447928214811
15,0.0,-0.03714812148459323,0.014766802160164572,-0.020998795900330935,0.0,0.0,-0.03525098253357506,-0.12653150114428868,0.0,0.0,-0.012808876764899113,0.015954590029716553,-0.03753920259616944,-0.04689235068493869,0.0,0.0,-0.012063007402304149,-0.0200084169564807,-0.005609536263465609,0.0,0.0,-0.033447194453339546,-0.02994393142738383,-0.05600627774373107,-0.014403134117311422,0.0,-0.04233747987633574,-0.14476760598918925,0.02823712288598801,0.0
16,0.0,0.08629611746297014,0.0,0.004210039736781912,0.01818681507574013,-0.036684421576154036,0.016341257735316084,0.058686106203191646,0.002630975321448209,0.0,0.0,0.0,0.017564413989013983,0.024830641449002128,0.0,-0.055506267148201865,0.0,0.01366420554559003,0.0,0.0076797409548406415,0.0,0.05417563037959411,0.01641153276698301,0.010346384703697947,0.0,0.0,0.058851478392312195,0.06378246347576369,0.021734985269642793,0.0
17,0.003208161850596053,0.004567995047984802,0.0,0.007428129859422955,0.0,0.0,0.012583090827110816,0.09028550251326384,0.0,0.0,0.0,0.011965278112064215,0.016093174813848282,0.01776827342746512,0.0,0.0,0.015580331859813085,0.004512983126229775,0.0,0.001836777708759063,0.00012089694374711746,0.01162264144312175,0.007749542917102253,0.04446330525090436,0.0024855938019716917,0.0,0.056441563434058206,0.0586183767501301,0.01587048004993924,0.0
18,0.005099456754112358,0.06147636237133919,0.0,0.008149525689855053,0.0,-0.008276274225014868,0.01575319845619297,0.08762741146815928,0.0,0.00378926567247323,0.002943477972064762,0.007889073535385815,0.007324071169862223,0.022581375800435982,0.0,-0.04013080386715234,0.02184475224375476,0.0023177314105656266,0.0018038808409355234,0.0,0.0,0.04235282397972612,0.006221978661010569,0.04126610562703806,-0.007496886065890718,0.0,0.04966743737346707,0.04387208117921215,0.007126053689999912,0.0
19,-0.004849112448868403,-0.01368514766283832,-0.00831719458467517,-0.034346945138285734,0.0,0.0,-0.023429762251558156,-0.11390867011011552,0.0,0.0,-0.006869140636637905,-0.00795970683912578,-0.04932314007876806,-0.04954442964729355,0.028672279153778957,0.0,-0.009019598317690725,-0.017244650645854648,0.0,0.0,0.0,-0.00428002712019146,-0.027661353755323803,-0.08205526532711344,0.0,0.0,-0.04565009012849819,-0.14732594472340732,0.0,0.0
20,0.009284864790675085,0.09374038556441097,0.0,0.009209473728383627,0.0,0.0,0.014411608587943048,0.05607374338272453,0.0,0.0055559229709876146,0.0,-0.011264251296527028,0.021237323990112106,0.03265224596040256,0.012204797684126523,0.0,0.0,0.009870441651926798,-0.021667457162087206,0.0038784533054484205,0.0,0.04270320926311946,0.010814075498931264,0.013428592776034642,-0.015581516006293289,0.0,0.007758099698815607,0.05005159795990469,0.03884048738849333,0.0
21,0.005485860961482236,0.009874245573223167,0.0,0.01472651280078191,0.0,0.0,0.02388639945048321,0.08774786711196012,0.0,0.0,0.0,0.007242692568598136,0.011901351919370196,0.023956701517750173,0.0,-0.026920733924302123,0.0,0.006634469840551466,0.0035366011783923845,0.008481213867762794,0.0,0.00818247941796324,0.011471087386177012,0.038319708580597744,-0.013339798748171289,0.0,0.07546323720513612,0.08655220302977623,0.0,0.0
22,0.0,-0.019204870220880355,0.0,-0.00943407231576121,-0.0035945237258821483,0.0,-0.030245743538270198,-0.1069283305107297,0.0,0.0,-0.012669698412423547,0.0,-0.042232782393560264,-0.04922992738313037,0.0,0.0,0.0,-0.007550848166887614,-0.006434830340175668,0.0,0.0,-0.024824386897608075,-0.016721667561283182,-0.03563788681931823,-0.007338392586265674,0.0,-0.055700496587820336,-0.13856489254710408,-0.04734264332882332,-0.0031419069265432586
23,0.0,0.0,0.0,0.01946067724007816,0.012738875451964171,-0.04753459589353373,0.021676540759938745,0.13573002434641582,0.0,0.003664511159594541,0.002917393402259272,0.0,0.009254935526022245,0.03049450930051087,0.0,-0.06305209905781216,0.0319940390070636,0.01301749208123712,-0.015295107336281782,0.0,0.007288261977059535,0.0,0.016103413294224767,0.05296855034024611,0.004346301871013897,0.0,0.06194831953623875,0.05911728334850619,0.026362773382786586,0.0
24,0.005569292898020661,-0.013344368567000942,0.0,0.010482157985712004,0.01583863564611021,-0.035657782832967944,0.021038517386764877,0.137853826416659,0.0,0.01050038034473752,0.0,0.0,0.01826742410234322,0.03551637764431825,0.002062051295197792,0.0,0.0,0.0,0.0,0.0032533308661136517,0.008512123918683112,-0.014769660306306276,0.012256115479023333,0.052914334468435076,0.0035944958527158177,-0.007927361717166737,0.06103387059686821,0.06845913437256745,0.0,-0.012250796113295548
25,0.005272041069052352,0.07744485784617938,0.0,0.008704301886105326,0.0018774761318304523,0.0,0.023806715641417814,0.0,0.0027018812970011352,0.004797304216513282,0.0030607508402124006,0.0,0.009923126016206207,0.009573056107435696,0.0,0.0,0.02545535300133628,0.002820589484311631,0.0,0.0013300823163326508,0.0,0.04666587405605202,0.013540088366955277,0.026215903386354378,0.0,0.0,0.04956130719017063,0.06284442247588673,0.007606968408179093,0.0
26,0.0053409992221004066,0.07747672942110095,0.0,0.01110213723877923,0.01641874679295871,0.0,0.018065305887461858,0.06637958801396895,0.0,0.0012619550191311502,0.007228119027628377,0.0,0.012964796759150493,0.028921008768140327,0.007363505704490236,0.0,0.0,0.0060831232011030745,-0.01896982734102795,0.0047326220119838225,0.003125324468488261,0.05131885705702949,0.004765815013598351,0.027086823389685516,0.0016414371357807434,0.0,0.001382546432977999,0.04216230008571614,0.00735018642728652,0.0
27,0.00787971621359862,-0.025336943552845992,-0.011243153885002716,0.013411267106756053,0.0,-0.006686689561833742,0.03042814408333483,0.09248013492948359,0.0,0.0,0.006086055072873575,0.013449897265512684,0.015240095910973972,0.037800408225335314,-0.004395382770262302,0.0,0.007426426441510842,-0.013398457078550308,0.006221366793127264,0.0,0.006183291490724996,-0.028855290341419565,0.010930178846715544,0.07333041523226203,-0.008571700464384463,-0.00651868391449445,0.0793906456305116,0.060756910913375206,0.023490311331716057,0.003703135818514114
28,0.0,0.0021422798348477157,0.0,0.010846741574259494,0.0,0.0,0.025052044424183822,0.11935765221707023,0.0,0.0,0.0,0.0,0.01671070704527891,0.027805066043144644,0.0,-0.0200996408162612,0.0,0.0,0.0,0.005448838917265081,0.0,0.009479768141336553,0.008806837053360828,0.037959472454688864,0.0,0.0,0.07288202247879003,0.05978201981027445,0.0070282905592933265,0.0
29,-0.007667244736197121,-0.03850021582225205,0.0,-0.025967477007301953,-0.002680095285520684,0.0,-0.030048934449955267,-0.09694050970110862,0.0,0.0,-0.004779548111888798,-0.003348345509895767,-0.003478332874079615,-0.041692225945864025,-0.006438086996571946,0.0,0.0,0.0,-0.019596341440763665,0.0,-0.002005573863227139,-0.043709017433310626,-0.01746708386360668,-0.05026324394284698,-0.007343795453150781,-0.0003782325471090031,-0.054848280900877955,-0.12183316767257613,-0.037812146704362504,0.0
30,0.007001009534369884,-0.022784928948174327,0.0,0.011438504274258993,0.0,0.0,0.023764266620597635,0.08176897000156888,0.004159478633844971,0.0,0.0,0.006585122167068552,0.020531334882669172,0.032154960241515346,0.007687751501412099,0.0,0.0,0.01496610186987088,0.0,0.0011115027204826045,0.0,0.0,0.007128532480457639,0.05676702590658206,0.0,0.0,0.06479652542687286,0.0661259424241355,0.0,0.0
31,0.0,0.06418197332058515,0.005195339799675541,0.0,0.007694754135370907,-0.033026263553242105,0.022224621310443782,0.09790867653949137,0.0,0.004202307273711153,0.0063728687921995875,0.0,0.013051483912031758,0.019287606511412286,0.0,-0.04500187252830512,0.023487295751029535,0.0,-0.015116996571301694,0.0,0.0,0.046716747519123775,0.0107890216300984,0.045278320755826634,0.008334037777193826,0.0,0.041970180141282176,0.04567137012789693,0.013980627093008846,0.0
32,0.0,0.004347767219940485,0.0,0.005935140466526073,0.0,0.0,0.02099259012564747,0.12422136617699542,0.0,0.007565621638805059,0.0,0.007569199440038532,-0.015879011928110198,0.0,0.0,0.0,0.024874851570015927,0.006374888476863433,0.0,0.0,0.009497292050289818,0.007875224144195503,0.010301484969368113,0.05823965878893028,0.0,0.0,0.05810301426720338,0.0531830123308234,0.0,0.0
33,0.0004906871913700206,0.0530271213590322,0.0,0.010243573978606951,0.0,0.0,0.023639903747036672,0.11229289949841957,0.005018763916154967,0.0,0.001367603524463773,0.0,0.015317283763756101,0.026749340109367387,0.00778212862669897,-0.0482489510146987,0.024648703458360732,0.01186970576785984,-0.015300258824128415,0.0,0.0,0.03118634675261145,0.010606348923393988,0.0024782178088465223,0.0,0.0,0.06443947642599085,0.039177594342190675,0.006415610382199288,0.0
34,0.0,0.0,0.0,0.011273315077503426,0.0,0.0,0.022177345707833085,0.11352578371065603,0.0,0.0,0.0,0.0,0.01264157732526705,0.03663015554945176,0.009639834331005848,-0.028513142512094553,0.027251825181010825,0.005548193353235753,0.0,0.0,0.0,0.0038578018099540146,0.00917557794991386,0.04624069415015239,0.0,0.0,0.0576380503010753,0.05307472336146718,0.003040364441100729,0.0
35,0.0,0.01620754165394056,-0.011181892875269689,0.017748093521050043,0.009322021812404407,-0.0868064486777067,0.029134287128815245,0.12709947487355144,0.0,0.02023288211934393,0.017733759801182136,-0.00857004730723078,0.026914390819054418,0.05129802196576949,0.0,-0.11655534739651832,-0.062041910319863086,0.019413086866927,-0.007396547482411725,-0.007790830804368515,0.013677205589564811,0.00939829177968185,0.014253443715188718,0.12179710417915218,0.006563787250406766,-0.010671275921991297,0.1557772212434656,0.08500656102724957,-0.03370635256075735,-0.013654422263097987
36,-0.01728320701284458,-0.07544738532440678,0.0,-0.043559244994422486,0.06882635412826704,-0.09832053428274123,0.019441254890255555,0.03620532896579953,0.0,0.02556750392395618,-0.012042973374403632,0.0,0.0,-0.08089529482283653,0.0314101852626017,-0.2781295656554965,0.08323702358112317,0.0,-0.053792497903495606,0.0,0.0,-0.12196756977878398,-0.034664083881926544,-0.10559200003323366,0.0,-0.010044857186999323,0.08583124140805812,-0.017238389312846825,-0.011439829805957175,-0.00689935905213368
37,0.0037297427005659467,0.08785383933052965,-0.010855669320604805,0.009136343966797827,0.017978398658366784,-0.04170655701809828,0.017756456085634725,0.0628606412114937,0.0,0.0,-0.0070532836324022075,0.0,0.011320018461751818,0.0,0.003749752254612715,-0.026064776621770952,0.004648186201042126,-0.012987369921647118,0.0,0.009681788277386555,0.008675712299040989,0.051061934192454944,0.011726997158417463,0.05613326319632758,0.013177217936621216,0.0,0.05999481912529164,0.05716405677926961,0.004660792072059328,-0.009440203655608492
38,-0.002018708458000895,-0.02120367802070544,0.0,-0.01969267802037733,-0.0021750675712179923,0.0,-0.037275450805754895,-0.12245646079588285,0.0,0.0,-0.014844909107408377,0.0,0.0,-0.05145025037433221,0.0,-0.026251716760410437,0.0,0.0,-0.0170396663454373,-0.006796049228719292,-0.0029758394020933387,-0.012491184387188964,-0.004758735260354641,-0.05165919649824435,-0.011615552060041001,0.0,-0.04361383597542723,-0.15746042072262162,-0.011018500468249148,0.0
39,0.0,-0.024209302705124197,0.0,0.013037267395262786,0.0,0.0,0.023069811248993877,0.07918201082821016,0.0,0.004142201610097845,0.0,0.0,0.01944354076092325,0.013560042714097609,0.008458921398414893,0.0,0.035755616887471864,0.007907357155331945,0.0,0.0,0.0,0.0,0.007661206777249879,0.014645853269215414,0.0,0.0,0.07057482160791242,0.08352058523608391,0.026452165553391083,0.0
40,0.008097334767543651,0.0023714269196848936,0.0,0.007282738006758188,0.0,0.0,0.011197593346298829,0.10391522716666246,0.0,0.00237499244848674,0.006088826653331242,0.0032930931095359606,0.013638369585402266,0.022176655091278086,0.0,0.005025250714074919,0.0,0.00906153227634715,0.0,0.0,0.0029938984445213868,0.006336114367358453,0.00981730109765,0.055727349816982436,0.002357079195640266,0.0,0.058374795792109885,0.05104275553165716,0.0020297654062088055,0.0
41,0.0,-0.037226075951704685,0.0,-0.03424698577397439,-0.00165113710550846,0.0,-0.025433347169372233,-0.10816186029934294,-0.013661213231924374,0.0,0.0,0.0,-0.06333791211816775,-0.04897111683000871,-0.005224056191713733,0.0,0.0,-0.029924848747355126,0.0,0.0,0.0,-0.03869943533904108,-0.024026171344837144,-0.05950235372075863,-0.008409342340310821,-0.0053656131256761275,-0.07060709882601823,-0.030327456356067817,0.0,-0.012021875790685033
42,0.0012361273035072229,0.06758759378909412,0.0,0.005228393823616201,0.0,0.0,0.021681841892468606,0.03223528985548099,0.0,0.0,0.0,0.0,0.017548977557886647,0.038192205469062795,0.0,0.0,0.0,0.0,0.0,0.006004996007284408,0.0036964672099091267,0.05936898192559409,0.014854504054965523,0.06054392623489688,-0.01242733481253891,0.0,0.00786508061635155,0.05376119578682853,0.005823853023124936,0.0
43,0.0,0.007355142283138355,-0.01005360801632943,0.008343108670683497,0.0,-0.018802943020860746,0.02467321121859667,0.1196012255132656,-0.0055828136393117345,0.0,0.008604318883182693,0.0,0.017790362995889597,0.033764899888555744,-0.009658737594194361,-0.022884641015729845,0.004235020747647589,0.013086749246169593,0.0,0.003225374947268711,0.004647609758578836,0.015085210290230772,0.016821989239868107,0.0594406143824186,0.0,-0.008382671196533353,0.055375816106180864,0.05225704233939649,0.019058656569217403,-0.004798838859796928
44,0.010854294975333467,0.008809018831655052,-0.007429044489201092,0.01222252277705202,-0.0031400601907584924,-0.012836747793398162,0.039093005129248626,-0.023365757191071007,0.017531249068665183,0.012314040741038063,0.0,0.022517616865172868,0.01737904128754872,-0.036938335186637666,0.006518030569434036,-0.05168157835160228,-0.06543918486987643,-0.026358302999682337,0.0,0.0,0.0,0.12348068182067501,0.016987696967006582,0.10273131868619303,0.006253760751102233,-0.010766881846252685,0.12844532784357454,0.06816388060083362,0.04305955153885721,-0.015203045797377357
45,0.0,0.0,0.0,0.007992432831048946,0.013046461132712184,-0.03540506124065884,0.024802846481183388,0.202057030029545,0.0,0.0045965823627417135,0.00926661571111237,0.0,0.017353040156007166,0.030097782658463135,0.0,-0.024790319973219843,0.0,0.0,-0.019869824130062774,0.0,0.0,0.0,0.010371960900202981,0.05949251262683153,0.0,0.0,0.0,0.07773016918527581,0.0064598710063499265,0.0
46,0.00839533268138154,0.0699213378747344,0.0,0.0037893388439839137,0.0,0.0,0.009907877556838085,0.0634831840451166,0.004924265881078027,0.005378372198680703,0.0035504905020162236,0.0,0.003098246018964579,0.03557766711548069,0.004995618635592947,0.0,0.0,0.0,0.0,0.0,0.0,0.04586916757485304,0.0,0.042372431861501525,0.0,0.0,0.055634820246155986,0.05775660188249104,-0.031452653181336554,0.0
47,0.00826764690775883,-0.023170915186251334,0.0012361220360543879,0.012210167449392961,0.02104679635131962,-0.0426781103155959,0.023373792835977097,0.15933061644098334,0.0032749809960894716,-0.005483204862556629,0.0,0.015317179352205113,0.015625961542748118,0.019159968803738103,0.0,-0.05836068888106777,0.03262806740232008,0.007647094288432965,0.0,0.00434944626511069,0.005409325074585247,-0.036375572098622855,0.006687579492687112,0.05994982963018214,0.015710912707462804,-0.008430313806408796,0.06289148630944383,0.06465840910654708,0.027102405907395544,-0.008176884012398522
48,0.00789820153712037,-0.008359592357583781,-0.008710151417395562,0.008786269617518438,0.0,0.0,0.02809268455435121,0.1121781651173652,0.0,0.006644656302294841,0.007685541799936968,0.0,0.021289463811184337,0.04699925434593433,0.009289568106262303,-0.034401645411105145,0.0,0.006740238003904914,-0.023111948958600997,0.002963899657853819,0.004751645886271527,0.0,0.015710641688863936,0.07950888746492817,-0.011419791371025084,0.0,0.007190023400413664,0.10347608795903929,0.0,0.0
49,0.0009313562070913661,0.05502834901529402,0.0,0.006371152936825192,0.003537312595032621,0.0,0.0,0.07349974182534111,0.0,0.0,0.009359785289085182,0.0028213300692256915,0.01783193507159614,0.025168254096610554,0.0,0.0,0.02549064858998898,0.0,0.0,0.004457417540385644,0.0,0.05474237196656187,0.00946386637568103,0.03206129789745857,0.0,0.0,0.0,0.04536181712600698,0.0170754631353478,0.0
50,-0.021309732955320126,-0.017575422700603083,0.0,-0.0183903932760916,-0.007872903787600305,0.0,-0.014817190424648408,-0.10771372983310623,0.0,-0.007419951806402647,0.0,-0.0026125749342063576,0.0,-0.029826254016084408,0.01799787113450607,-0.037833557706331455,0.0,0.0,-0.03271222623611869,-0.004429245383779645,0.0,-0.021363571922148328,-0.024601383736773674,-0.06151528399648337,-0.010604535168032725,-0.004994632820239042,-0.04645694660161831,-0.1433062299118315,-0.015183173014858387,-0.004256831164695107
51,0.0,-0.02525346725063271,0.0,-0.02382965023043243,-0.0011285680385165753,0.0,-0.023247506356977643,-0.09420492012162374,0.0,-0.002925721604920828,0.0,0.0,-0.037062801456600875,-0.03464338375927384,0.0,0.0,0.0,-0.003233949027736216,0.0,-0.011688472546751483,0.0,-0.048676581381301265,-0.017682116122973768,-0.05208392623907976,-0.0026730120814376646,0.0,-0.05041880904486262,-0.12448931371768712,-0.05945400688795671,-0.0041016943937020045
52,0.010052969103162446,-0.06972613639509503,0.0,0.0431439929884021,0.0,0.00877442290150765,-0.009380956380907857,0.07035320817480745,0.012458281742464189,0.03724754440850517,0.09513327222238499,0.0,0.03948160130013287,0.08272170103203264,0.025664568933637333,0.017086055933895783,-0.016164649494777805,0.02282797472386708,0.0,0.009413816407824543,0.0,-0.048655163111812116,0.03596447996286806,0.10796422519577797,0.010226820653986612,0.006949314479494012,0.0024549749121353936,0.015572994605888568,-0.09386806054786137,-0.032495154014787975
53,0.009991774325764619,0.11226586897579888,0.0,0.007388057006898596,0.0015521020234647853,0.0,0.0,0.0,0.0,0.004036081828793309,0.0,0.016300204936630952,0.011407266352938539,0.0,0.003761194619400221,0.004253688451095167,0.006240281962537592,-0.016977527201662873,0.0,0.0024549341419809745,0.0,0.06655637121576347,0.011376011573749317,0.019984301112164093,-0.020235317947085912,0.0,0.06626803156160066,0.05121207862182853,0.02536669617587184,0.0
54,0.002368483146071354,0.05835018177125767,0.0,0.01263210382988822,0.002069848856276646,0.0,0.011249754929304273,0.05262212209944725,0.0,0.0,0.0,0.0,0.008655561018136415,0.01978388126302405,0.0,0.003146106022536288,0.0017217671373929155,0.004956498065592757,0.0,0.003720931168628927,0.0,0.0442544389607408,0.006473962473384026,0.041493397600981585,0.0,0.0,0.0488210676004599,0.051136294288655376,0.009745699505754213,0.0
55,0.003214151493197759,0.00765980177496034,0.0,0.013882897713276027,0.025118220525325502,-0.04481003368906952,0.033550080975797286,0.10223136067484806,0.0,0.0,0.014915003656285314,0.0,0.015453724180414685,0.04160025475900675,0.0,-0.03222520521620312,0.0,0.010487432240236683,-0.02104984485589992,0.0,0.002946414648421547,0.01684518574890742,0.0046275416387219215,0.026143516906832864,0.0062890124587081375,0.0,0.08122826093572866,0.05454213868476088,0.03155825138567178,-0.011006066902396361
56,0.007666192832971874,0.06655104085193642,0.0,0.005051619174559707,0.0,0.0,0.020082552262196324,0.03914111868794112,0.0,0.0,0.0,0.00407927927171281,0.012025345130040443,0.02466950200974996,0.0,0.0010814030114664752,0.0,0.0,0.0,0.006019400909730632,0.0,0.023677349869162617,0.012969471516108166,0.04735538621813973,0.0,0.0,0.05305815815760834,0.03717577299584365,0.022598506838364396,0.0
57,-0.00456825708660058,-0.04608291284943877,0.0,-0.026946965474464624,-0.0023748958643523554,-0.005040217523184842,-0.030972739273802008,-0.10705179795589781,-0.005859225443954008,0.0,0.0,0.014108548979350544,-0.03959875995842271,-0.05008121108759289,0.0,0.0,0.04135186160923443,-0.022613273554916324,-0.016115276693887792,0.0,0.0,-0.060025704233665045,-0.02006058268641564,-0.05729924479178333,-0.013445301048326919,0.018241615362637353,-0.0627642825215513,-0.1409182695831791,0.021318991417746513,0.0
58,0.0,-0.024581940246130363,0.0,0.0,0.0,0.0,-0.02620791999926378,-0.06548991700892598,-0.002854077055256865,0.0,0.0,0.0,0.0,0.0,0.0,0.0,0.0,0.0,-0.019568767875572185,0.0,0.0,-0.00956263459785596,0.0,-0.026671909450040582,-0.022748788145915383,0.0,-0.09541184652905707,-0.3237000993544491,0.0,0.0
59,0.0,0.08538870321736136,0.0,0.00901322838169144,0.0,0.0,0.01926142921495924,0.07260998992580978,0.0,0.0,0.011411975614446707,0.0,0.012742692776069098,0.029937235662306272,0.0,-0.05369371314989663,-0.032253524865746286,0.007821862292495735,0.0,0.0,0.007439103958783444,0.04928274732605367,0.010463473667264023,0.054205249676663236,0.0,0.0,0.06163713898191192,0.03793450705735968,0.0,0.0
60,0.009131056254734204,0.007028893773395384,0.0016564160575867903,0.012021334246179322,0.0,0.0,0.02497115425766755,0.088331370681975,0.0,0.0,0.0013916991443674864,0.0,0.009756448405834117,0.03303384871521978,0.0030181050154157174,-0.028064513982516442,0.0,0.006029308056359067,0.0,0.0034181953759616357,0.005949094712303066,0.010524118946701633,0.010037733022880413,0.041043268430005275,0.0009622344070774336,0.0,0.0756963449895405,0.06726598922684479,0.0,0.0
61,-0.020552315897479856,-0.012729486198654605,0.0,-0.017405376765748104,0.0,0.0,-0.03076699149558837,-0.10173276731451841,0.0,0.0,0.0,-0.004445761639759738,-0.03689452279003941,-0.05060002225336124,0.0,0.0,0.0,-0.021671061409198444,0.0,0.0,0.0,0.0,-0.0225158408002977,-0.05467364363537819,-0.01784273463967867,0.0,-0.04558230001650743,-0.1231918144664558,-0.04735831831051923,-0.008834942629282194
62,-0.0044508967776901165,-0.013995996551102952,0.0,-0.021118321838868137,0.0,0.0,-0.030471507474980175,-0.10376045552648672,-0.006233867061233522,0.0,0.0,-0.0028954000391088752,-0.04455320555858805,-0.05255008816275619,0.0,0.0,0.0,-0.016930018166344485,-0.017841572565437697,0.0,0.0,-0.007815290677939457,-0.02024953978190247,-0.045125084757841494,-0.029104670480284478,0.0,-0.06294806692733074,-0.13675391791457175,0.0,0.0
63,0.002776535761114196,-0.025125417113199183,0.0,0.0031741274271687714,0.01966786812442345,-0.03932134219115374,0.02767754107174375,0.1781692726134232,0.0,-0.005398850279518447,0.016920861755847977,-0.005033007665117245,0.011506680767887162,0.026679689388443506,0.00644495220469149,-0.021990783143060605,0.0,0.013140539089980918,-0.024973008313386558,0.004435393242934377,0.0,-0.011161630708043019,0.016026423485112656,0.02595481736098268,0.009654093627751104,0.0,0.06782499182236654,0.07219260759358509,0.02785948721999182,-0.013899743406437182
64,0.008961174955655682,0.007408044227202398,0.0,0.008176645732811627,0.022097535498271287,-0.040718099934810986,0.018104494921886122,0.11300302589062167,0.0,0.00525572431827101,0.00596819787842956,0.010531593008107243,0.014709476064967364,0.03168804184782281,0.0,-0.05230297600017142,0.022071982738486984,0.007970708948109306,0.0027066509638256075,0.0036301964224161043,0.0037947282146989503,0.0,0.01650332883523359,0.05046604466586094,0.0034035460099702264,0.0,0.051576941615242344,0.04990727336793596,0.018287819546688344,0.0
65,0.017710632429597,-0.030519751775196474,0.0,0.014760277711752756,0.029302335443719935,0.0,0.03125279096932104,0.13089362669139815,0.0,0.0,0.0,0.004123720714252738,0.013867557911200673,0.05563733821831601,0.006059505860527198,0.0,0.0,0.007408020584040165,-0.029334249806963336,0.0,0.0,-0.01336646317278134,0.0166599712754974,0.04847755072941268,0.0,0.004181265331068884,0.006360356768240288,0.0655378500965759,0.004189763757553089,0.0
66,0.0,-0.03418812738161037,0.0,-0.013358622015304716,0.0,0.013410322007778697,-0.04042398626491267,-0.10616317646690104,0.018681144274170003,0.0,0.0,0.0,0.0,-0.04895550794736431,-0.005545248661614266,0.0,0.03931340474770373,-0.008917761240074096,-0.031207573297147295,0.0,-0.0056248192117371865,-0.03258979957359859,-0.025537098931659896,-0.06115066986362311,-0.0054453799811252646,0.0,-0.07701672556798156,-0.1465008177989208,-0.03827810995421954,-0.007299347134325007
67,0.0,-0.029526567607332188,-0.0025853252282092565,-0.017491743600594467,-0.00841549730500274,0.0,-0.0202126809272693,-0.10359938835052351,0.0,0.0,-0.01533346960871329,0.018292870397214944,-0.04184672489232594,-0.05357581851173421,0.0,0.0,0.03108423038688074,-0.03232925560940514,0.0,0.0,-0.009681356750541492,-0.029176189869689007,-0.007656275638366572,-0.05339917714594594,-0.00739095276648849,0.0,-0.05203510928558147,-0.1284723444180857,-0.04600244843829049,-0.007444675092463826
68,0.003621231299295591,0.006684384466973739,-0.010648122565930729,0.011520586375897257,0.0,-0.043006163520636465,0.021340369609629706,0.14880108297118572,0.0,0.008916829445689944,0.007001855668353291,0.009289388997988146,0.019667883366247835,0.032969188017914486,0.0,-0.05867663556797234,0.0,0.0,0.005895564036309586,0.0,0.0,0.008404025167601692,0.004926489278170132,0.06670533239865878,0.006745770611401983,0.0,0.06559033309019724,0.06745270659055713,0.0,0.0
69,0.0022203677946819322,0.009658693123081458,0.00215464395877743,0.009590580764664042,0.001961664722309131,0.0,0.02773379063809958,0.10446684589360095,0.0,0.011150332932038043,0.0,0.0,0.016361071854571974,0.04296048403678973,0.0,0.002203867338209986,0.00033522610610522974,0.010961468297257582,0.0,0.0,0.006283826615109095,0.03887591103386512,0.014951485108258278,0.05097044511438992,0.007224506879730752,0.0,0.002341523365949588,0.062282881325849526,-0.045171004779594376,0.0036834876137877837
70,0.0,0.0,-0.0011351013486319284,0.0,0.0,0.0,-0.03968022705582053,-0.10802337584977661,-0.0034047272538041407,0.0,-0.0032446910034650833,0.0,-0.031319519688502495,-0.049532992319425095,0.0,-0.0022125192528755777,-0.006563400988326085,-0.01979716669306042,-0.00211345919129724,0.0,-0.007954390194589822,-0.0633537429403439,0.0,-0.03542867233563063,-0.01860246794785053,0.0,-0.03898802913045041,-0.16462142425247595,-0.014800650950591188,-0.006021341865549701
71,-0.002844950956915726,-0.0044068433113723104,-0.0047823502623578484,-0.02251256355985254,-0.009497268567828954,-0.0023225060841993717,-0.028049006052268177,-0.09937410168579908,0.0,-0.004885963319422593,-0.007375396486719588,-0.0004014440727023727,-0.0008992306816045237,-0.05640905995625445,0.0,0.0,0.0,-0.014673417505063457,0.0,-0.006505206733392721,-0.009174491183303712,-0.013494679710792074,-0.03609823328002326,-0.05578102870619045,-0.01147277321619039,0.0,-0.037935854890233184,-0.13413376917569841,-0.05376776086428203,0.0
72,0.0018555349332426974,0.009545024498990973,0.0,0.0034549350827067227,0.0189012616703767,-0.03513686151055051,0.023638063535244752,0.06823787383463645,0.0,0.0019943983634601314,0.006770859613108526,0.006837451275303275,0.011255577456247529,0.03566961351257619,0.0,-0.02624761657430441,0.02833039982640395,0.012611793656067932,0.0,0.0,0.0,0.01738245322540205,0.013446862177272256,0.024339922290877586,0.006377537737371264,0.0,0.06119246545971424,0.06460099672955982,0.02814355294382459,0.0
73,-0.005816839905517124,-0.02547149980191904,-0.01190588680783794,-0.012548710526642914,0.0,0.0,-0.04337259924365244,-0.10193904454681169,0.0,-0.011549230370404229,0.0,0.0,-0.0020362814044146416,-0.028980299967514,0.0,0.0,0.026381636008139475,-0.023920936857055708,0.0,0.0,-0.006260014041855555,-0.02433602490738157,-0.020815939919298254,-0.050025103301384766,-0.01399898561136681,0.0,-0.05898166139145339,-0.1737560948249232,-0.019178525056184503,-0.008285857784988915
74,0.0,-0.02748557883275976,-0.006887998898591374,0.01311512586159222,0.022944748054899128,-0.0456948635802647,0.025795527134298418,0.15606899106428807,0.002452348225992468,0.007909140446444668,0.0,0.00795818958373018,0.02023491614620515,0.03887341537982228,0.008406089741351902,-0.0642839728983372,0.03261146875884777,0.013228680347323496,0.0,0.0,0.0,-0.018643493940215444,0.008809892404427477,0.05853635924037412,0.005346892023383953,-0.009804103449810309,0.06658331513646515,0.06712701178806507,0.0,0.0
75,0.0035827544453646554,0.10456027788474376,0.0,0.006766065181715353,0.0023555993292322663,0.0031031922356712927,0.023465490182509596,0.028411154735772826,0.0,0.00607301782863337,0.004923381791624215,0.0,0.012398935663317928,0.03641566694401932,0.008503157627748448,-0.030487303776048802,-0.040722446194577266,0.009313763009533182,0.0,0.0,0.0,0.05966977282504435,0.014530658954132664,0.02571041825327597,-0.013403782330135033,0.0,0.06842974237727448,0.03987488277794396,0.009727699990736194,0.0
76,0.0045197980693326145,-0.008371326592979345,0.0,0.01633487114888524,0.0,-0.02969499898590855,0.025520438713458216,0.14245003207521287,0.0,0.005875919812740438,0.0,0.0,0.01769945794841596,0.030569515273223907,0.0,-0.02506701937870623,0.026772507642223498,0.005478577261693429,-0.012849625416343519,0.007387505301042013,0.003934486924292158,-0.01289539036962603,0.008294753757056628,0.01982058375180029,0.005699510542687497,0.0,0.06940282697678551,0.06624547052036808,0.022786779554741843,-0.006712574792863801
77,0.0,0.0,0.0,0.0,0.0,0.0,-0.09060854733086149,-0.07562561323923878,0.0,-0.004074096826972684,-0.0176531032998537,-0.02006295200354241,0.0,-0.09353081390633922,0.0,0.0,-0.004189529983914531,-0.04407092867439405,0.0,0.0,0.0,0.0642955217337042,0.0,-0.056214156666430815,-0.12065024023288273,0.0,-0.05563043623099273,-0.06655470875217917,-0.03222829484856915,0.0
78,0.0027135440914433095,0.052257020768397444,0.0,0.003404036357757101,0.02393603449485765,-0.030239965635094013,0.016550522408020546,0.08837315983961064,0.0,0.0047461468753804414,0.0,0.00306363575925106,0.005638777701431147,0.023976640423086726,0.0,0.0,0.0,0.0054054477138894275,0.0005513027502596635,0.0014468606316619115,0.0017079837406509535,0.022784400110143682,0.004419319321918136,0.04932716408920787,0.004710963446773436,0.0,0.03760148110662706,0.0441991400898836,0.016628483652374904,0.0
79,0.006983368733280926,0.11943804519897172,0.0,0.012685810310304163,0.0,0.0,0.0074509482237475055,0.02732168730667242,0.0,0.0,0.0,0.0,0.02057231917196728,0.03520827761314055,0.0,-0.012309606099291076,0.0,0.012708085659413143,0.0,0.0,0.007155147982647492,0.03604387216556684,0.016491137696556524,0.07269875887099131,-0.010981752504477527,0.0,0.009406718694963151,0.04415643771676969,-0.021827157003691422,0.0
80,-0.018687542561020953,-0.02350827534191413,0.01959018765436965,-0.03952093569654469,0.0,0.0,-0.048604774280336716,-0.0970199836144594,0.014776918160042674,0.021791372335350667,-0.011740318851117093,0.0,0.0,-0.05424291545850307,0.026871635097003244,0.0,-0.010626544997056009,-0.02066886607994539,-0.028934442499337742,-0.0069438386626229365,0.0,-0.05303646160642539,-0.03316355244602612,-0.0723494680504293,-0.01428173516083281,0.0,-0.040274011023331724,-0.029601430838255005,-0.096622916341075,0.0
81,0.00566206899518959,0.06924083228874889,0.0,0.009503470839077821,0.018060027607425172,-0.033707048043211674,0.010987629788767717,0.0954936964966226,0.0018817712409303633,0.0037829172605434724,0.00797730692158194,0.0,0.005656710808694093,0.023556408642396,0.0016043429892661776,-0.04100444044455044,0.019329925480093102,0.0042300718300073425,0.0,0.0,0.0023832720714176414,0.016232260963398137,0.005472248548983399,0.05169311504985452,0.004683768224700707,0.0,0.052197058828236303,0.04605343765281528,0.0022312456965444816,0.0
82,-0.022216186910429536,-0.06023267087788636,0.0,-0.016282621975399758,0.0,0.0,-0.09668119262047725,-0.044777956543183006,0.02152232517425362,0.04717925950679114,-0.029704566397058763,0.02719467727943503,0.02254040447578154,-0.10746032334638966,0.0,0.024276655639681843,0.053662892494221764,-0.10520394292774654,0.0,0.0,0.0,-0.0981844553718978,0.0,-0.05745803261558319,0.0,-0.018898781146816923,-0.06149659902109639,-0.043651327752758456,-0.028356863502135954,-0.02256859382377263
83,-0.007906783630976466,-0.040365105840218574,0.0,-0.014129622537855768,0.0,0.0,-0.03326415597610949,-0.10960070142426104,0.0,0.0,0.0,-0.008825264314433978,-0.04202551094991869,-0.03843824231563331,0.0,0.0,0.04509613425762915,-0.02161649563093937,0.0,-0.006280433727802293,-0.01002754747320933,-0.011287536646103657,-0.025926662016855867,-0.06363047210373374,-0.005747116164682264,0.0,-0.05899664725873535,-0.14484782185939465,0.0,-0.018977914649232597
84,-0.02402857149861773,-0.044235228059756715,0.0,-0.038361385213702914,0.0,-0.04419950174154835,0.0,-0.06775257822124253,0.0,0.0,-0.014600459850568737,0.0,0.0,-0.05295592364044377,-0.00710449867135754,-0.12616115382938353,0.0,0.0,-0.02909455773974584,0.0,-0.00362920842635861,-0.07634816915454351,-0.023024400193052963,-0.07715366061899764,0.0,0.0,0.0,-0.030357898248697224,0.04220929484555036,0.0
85,-0.008519191374291135,0.0,0.0,-0.03213495935320515,-0.007433625684255096,0.0,-0.027770940977216663,-0.11246330189723674,0.0,0.0,0.0,-0.008908427857152845,-0.007162126337252939,-0.05743600172666119,0.0,0.0,0.0,-0.03040960210341337,0.0,0.0,0.0,0.0,-0.011423836469692417,-0.06116606383131484,-0.001806684332123637,-0.0017282647608009016,-0.05207941679172179,-0.18528580974472042,-0.007880481214840585,-0.0031891658065674733
86,0.0,-0.04664338147117786,0.0,-0.013699595921460306,-0.006393791473159993,0.01576386790720452,-0.034709759497917325,-0.13216381643082886,0.019838623726155358,0.021612955863868688,0.0,0.0,0.0,0.0,0.0,0.0,0.06594852945178176,-0.04468675597853722,0.0,0.023183437269301277,0.0,-0.08700266057740297,0.0,-0.007658125724920084,-0.024860011006721583,0.0,-0.06432303838029979,-0.20392695082286405,-0.08405053745234559,-0.013026889743143255
87,-0.013475227674800527,-0.053698758445483274,0.01215246335206066,-0.026884080849694736,0.0,0.0,-0.03925173328641651,-0.13373928792303896,0.015089467684292757,0.017345837834281674,-0.010958202231400094,-0.003696632453998594,-0.04338957703922314,-0.061145691351120246,-0.009418568107234626,0.0,0.04631221971400551,-0.028372500393242128,-0.01368452213994431,0.0,-0.003893391216087616,-0.03284534654373772,-0.01766487607274625,-0.058151588784014274,0.0,0.011381829645245978,-0.04713196890240601,-0.155967287693567,0.034289522615802204,0.0
88,0.004349428125193233,-0.02305955958792541,-0.006805772556074258,0.011822922251676998,0.025382360386872888,0.0,0.002493966760997751,0.09138647847617676,0.0,0.0,0.009455192563106174,0.014100325147177517,0.01461520519206233,0.04035097415106953,0.010082030932545005,0.004111792508464884,0.003077586932102999,0.0,0.0011381772032335313,0.00593277911979187,0.004737265980488431,-0.008205522517944236,0.015078371104246202,0.0705800833468039,0.007435071274974198,0.0,0.007023305476344915,0.05780773180134391,0.020311905664803565,0.0
89,0.012925642561615408,0.0786135170237533,0.0,0.008766296280402708,0.0,0.0,0.01901223789247386,0.06232130970369776,0.0,0.010080122595399033,0.005111715664800703,0.0,0.010609144812470411,0.03448485183551275,0.0,0.003992204535717581,0.003349055625845254,0.0,-0.01847468377220632,0.0023939480815149405,0.0,0.029932491050511212,0.003885159734057342,0.022572019018470196,-0.012862400197889867,0.0,0.05762140445331887,0.031419024796339706,0.014664739539057947,0.0027842985026698686
90,0.003231211284685287,0.061781293461890735,0.0,0.006356142684564248,0.0,0.0022000488922457317,0.020930026741772356,0.11607218220556237,0.003331776112147078,0.0,0.011955280697511284,0.004879814674067312,0.015869040400055323,0.031842044037912826,0.0,0.0,0.0,0.012979695547922804,0.0,0.0,0.003002249862779305,0.006743594689004262,0.006379696868557355,0.03447316033619513,0.0,-0.012488965424050313,0.003789714880510442,0.06673676694876746,-0.01686267516456824,0.0
91,0.008742322771894878,0.006594473169126647,-0.010538450133321248,0.016206076367921318,0.0,0.0,0.050229150888984164,0.15346725207497747,0.004464535243694556,-0.004410207068416716,0.02751589915405306,-0.012344549095092971,0.036273965395478114,0.06713825872043125,0.03251545843924772,-0.044569553823259556,0.005666519046909263,0.011919555947619953,-0.03228550646966827,0.014111986847245683,0.0,0.02786002903048687,0.017569197986458895,0.052707814307531076,-0.026730685150680833,0.0036180017690191912,0.007215784214951726,0.036252928828442554,-0.060095462421575596,-0.0058926963049265035
92,0.0,0.006499713283498132,0.0,0.0076678491803358895,0.0,0.0,0.007452985169479925,0.0,0.0,0.0031339151549367728,0.0,0.0,0.01798514956163727,0.0,0.01827459962726949,-0.020876753667998266,0.0,0.004199783503723908,-0.03231924423648122,0.0020752360900964106,0.0,0.06300011731435062,0.01798017011330999,0.01668743271556608,0.0,0.0,0.15671599154267257,0.0697870609661842,0.04493809341895094,0.0
93,0.004059978037251832,-0.022822665378468318,0.0,0.009396061753514873,0.014176435834378248,-0.04299151828533784,0.01883292118680316,0.1587983970251433,0.0,0.0,0.003691737951990598,0.019183669509358126,0.010949586335519984,0.029133710222659093,0.0,-0.06497672065624205,0.03259415970704174,0.01211846160471683,0.0,0.004701524549736269,0.005326257187734218,-0.026052951507108096,0.009381623969761277,0.06247399528470815,0.00592546214511766,0.0,0.06582714570279105,0.07145060770478856,0.014801254053083246,-0.012777034201409188
94,0.0,0.0,0.0,0.011771179308405488,0.0,-0.031434354009978266,0.01832373573409249,0.163226482807518,0.0,0.0,0.0,0.009783639061977295,0.01276520929690203,0.032895458778006564,0.0,-0.055618727275251245,0.03251519437251532,0.006291077537041667,0.0,0.0,0.0,0.0,0.012898815577876976,0.06468764198267923,0.0,0.0,0.06467603489903379,0.061199543344631846,-0.02077883167791844,0.0
95,0.0019456897936644957,0.0,0.0,0.008701580223418826,0.0,0.0,0.01810844493767108,0.09890180916145994,0.0,0.0021828893891454038,0.0,0.0,0.006565929368213763,0.020693744553230087,0.0013276978117202631,0.0,0.0,0.0056038105415169015,0.0,0.0,0.00462239137985565,0.025307785284978512,0.007819307991180774,0.04652056815577732,0.0,0.0,0.0539783693999763,0.05583044637675047,0.025091635368972964,0.0
96,-0.006771471270695745,-0.035480778441966176,-0.008364362295682576,-0.013370973574407863,-0.0027966083987892576,0.0,-0.024693613127429986,-0.09995767657091736,0.0,0.0,0.0,0.0,-0.033414263373017616,-0.04510832304363058,-0.0030596912711886304,-0.0073704949720638235,-0.007706284505317185,-0.015252204530299629,0.0,0.0,0.0,-0.06270101920358556,-0.023651495708350123,-0.048443806096915454,0.0,0.0,-0.028997479697555034,-0.14965735418065462,0.0,0.0
97,-0.005466305417757861,-0.03582178478934167,0.0,0.0,0.0,0.0,-0.03838556347135019,-0.09650183171312365,-0.0035098106408710805,0.0,-0.0002954160060956168,0.0,-0.0011287731555980618,-0.045444979324522516,0.0,0.0,0.0,-0.0016944109171574406,0.0,-0.003148068948121696,-0.00725058297549086,-0.05271912630920772,-0.030395478990162983,-0.052087397555200754,-0.010497792215931223,0.0,-0.05022892639684401,-0.1322588392309194,-0.0458124037939695,-0.004150408410801054
98,0.0,0.06425153326969513,0.0,0.005231167266306791,0.0030231117173223354,-0.034793446187588006,0.02032481227990962,0.10340516505846165,0.0,0.0,0.008792908346609729,-0.00690542290254767,0.009015572070986633,0.022491659397890745,0.0,-0.03488901415287585,0.024222287509079066,0.008673156557213596,0.0,-0.013141627913571569,0.0,0.05153903603323862,0.007643731132817189,0.040903380156627395,0.008204233005488865,-0.010032247529736,0.050565320639311045,0.05467678398289333,0.0,0.0
99,-0.00577479126882674,-0.042092861902421175,0.0,-0.03186402921167264,0.023137316122191665,0.0,-0.028806972197937708,-0.10506952920307644,-0.013221983481155275,0.0,-0.005644497686705829,0.011199725563118546,0.0,-0.06316445499629875,0.0,0.022123621717484554,0.009277728113442463,-0.025419099513865673,-0.010973078063050645,0.0,-0.005198997984130149,-0.06386948609210358,-0.01854584431220957,-0.05901968054663581,-0.006471998262788492,0.0,-0.06431173915829286,-0.15823168404268229,0.025144436145149163,0.0
100,-0.013659519696528538,-0.0166694773668018,0.0,-0.02535096379855223,-0.0073533706189942705,0.0,-0.0026134536497443572,-0.07826343189045198,-0.010585800234191367,0.0,-0.007925773783236278,0.0,-0.006589763840034929,-0.043447432173543105,0.0,0.0,-0.007885262695701667,-0.008321856469759026,-0.014513523482300617,-0.017625907554332604,-0.006875043245836432,-0.051403629632578995,-0.023799301130881856,-0.08542770554099488,-0.014234368277141918,0.0,-0.05250596138542207,-0.034357606824549414,-0.08738874697088894,0.0
101,0.0033085313792897975,0.07252258257532074,0.0,0.00781365030163328,0.0053615202144632335,-0.03393711804714203,0.010228146354924916,0.09457995585133486,0.0,0.0,0.006282185132419432,0.0,0.011065974313987925,0.02682982564004935,0.0,-0.04235422256883806,0.02326753125746478,0.007956152607865918,0.004391896707696463,0.0,0.0,0.04632032621731866,0.0012171390616728117,0.04152021106831172,0.0,0.0,0.049576334562270175,0.04725147710748878,0.0,0.0
102,0.0,0.06959050727868138,0.020837638472216757,-0.026583286806933115,0.0,0.017548211177787376,-0.03068246114684059,-0.10526964605574596,0.0,0.0,-0.019794263283405944,-0.027770969056444328,-0.05770315145066196,-0.07043091805923962,0.0,0.0,0.0,-0.03394561709660404,-0.00825154822301477,0.012961382301281271,-0.009690281940430756,0.06109829392131852,-0.01780614005581127,-0.06940175591646008,-0.02513090861715417,0.0,-0.054709785495271,-0.182728448687003,-0.07302932150740477,0.014094569984672622
103,-0.01154884821011809,-0.019273292945128584,0.0,-0.025237361129061664,0.0,0.0,-0.03818986036699368,-0.11765873623830034,0.0,-0.003073681991462296,0.0,0.0,-0.001936457399663305,-0.053350958441424734,0.0,0.0,0.0,-0.017665993806152247,-0.02665630413538944,0.0,-0.007262435569866554,-0.0034555719932319873,-0.014981995760026456,-0.057804484344636364,-0.01597985024137405,0.0,-0.03912574172466318,-0.15085261669453498,-0.01274370927043933,0.0
104,0.0074869540345895436,-0.0236894507185971,0.0,0.015488172038339548,0.023421324771366325,-0.040506946570909225,0.021241872735318384,0.17765571510408268,0.005831786112922899,0.0,0.0,0.006937793017504801,0.021358040679428036,0.006519135834873208,0.0048127126957348,-0.012626730271793118,-0.031950109586879605,0.0035460554555111767,0.0,0.0,0.0047279784551443604,-0.009807764074555164,0.00994661831366489,0.05809601729472452,0.004658073966486764,-0.008378334466788706,0.07043449120575573,0.06799869371160794,0.0,0.0
105,0.004528435496630401,0.005306580457583948,0.0,0.010753018618624988,0.0,0.0,0.026522258616074823,0.04602977434253905,0.0,0.0060608302247388,0.0,0.011248580749559811,0.016516908917540596,0.015983632292614236,0.0031310932590679352,-0.010910021217522575,0.0,-0.008661042353305587,0.0,0.003519594371952983,0.003850820363344165,0.0,0.015761915114392816,0.0718225976779012,0.001579658009082302,-0.012395996281199972,0.08165937815754767,0.06340291440428306,0.027491168516082132,0.0
106,0.004861924755567487,0.0,0.0,0.00969848031843712,0.0,0.0,0.01973215357581587,0.08287867475726696,0.0,0.0008164205487904974,0.0,0.0057115475833354745,0.015319561789912561,0.028135453908458535,0.0,0.0,0.0,0.005574616543060643,0.0,0.0008175156676497874,0.0,0.0,0.013260672652921968,0.039069749700858664,0.0,0.0036926335736826854,0.06289719996195803,0.06845089533232196,0.02228459906749447,0.0
107,0.0,-0.00902379066886902,0.0,-0.03148364596741482,0.0,0.0,-0.024590246927861326,-0.10537626593131272,-0.006272518157796836,0.0,0.0,-0.003987795747817879,-0.04797526589056453,-0.05708756556578459,-0.006632641036496828,0.0,0.0,-0.02037054158924359,0.0,0.0,0.0,0.0,-0.026011401222590824,-0.06243951068177428,-0.02095918334030855,0.0,-0.03909545336274817,-0.15549207417188338,0.0,0.0
108,-0.019921391197018273,0.2971920271046109,0.011590072304584975,0.011154041153595556,-0.01893252276425117,0.007642657693891219,-0.015401714180095283,0.023196521445267182,0.016527757575355545,-0.013600587402339312,0.004076791148662523,-0.02103871001601515,0.038162297128734535,0.06833888248748116,-0.014450320795964117,-0.011237276973365407,0.01397084034451554,-0.037848663825884477,-0.050591405929158284,-0.012444923834221577,-0.00476827271334529,0.23797998535609077,0.021725257410264653,0.014916296149986491,0.019678626822635964,-0.013322127284317503,-0.03419595661518829,-0.17136076703427605,0.036164686177295846,0.0
109,0.0,0.0,0.00397776911372788,0.01055960821987556,0.03213117113323574,-0.043964758255772646,0.03159075176305051,0.130858919192222,0.0,0.0,0.00995147710394495,0.0,0.016645851973860093,0.045491139502972566,0.013051811806274044,-0.041460383811637413,0.0,0.0106203103265044,-0.027693100453928476,0.0,0.0,0.018295519163594398,0.0175631211322691,0.013568769280849463,0.0,0.0,0.0,0.10216062453548883,0.03985349801100174,0.0
110,-0.004896583811439981,-0.013550750653388066,0.0,-0.028740503549117224,0.0,0.01602425099072169,-0.042833264587790576,-0.12788019840896886,-0.004641709678412265,-0.0055727847135589315,-0.00632721202249914,-0.006913772655530281,-0.056917511367595874,-0.06112822937758977,0.0,0.0,0.0,-0.03636538126882338,-0.04915674512697216,0.0,0.0,-0.01853709108681617,-0.025444686594637445,-0.07072511710682311,0.0,0.0,-0.05255839912556193,-0.047613908399112614,0.026981698281448807,0.0
111,0.0016637268197126076,0.06564387411884245,0.0,0.010432436281610807,0.0,0.0,0.019527525214782515,0.058698017046394296,0.0,0.0,0.0038871668947467464,0.0,0.005415165919530257,0.026653602401762427,0.0,-0.02878210975626802,0.004582476381052802,0.006844705408048546,0.0,0.0037526392259142616,0.0,0.018363321584746906,0.018630749609592878,0.04661673660488708,0.0,-0.0074039172052820235,0.058837693344863884,0.049048811004823334,0.02078947883777099,0.0
112,0.03782235174592877,-0.09267432411592345,0.04122889935631399,0.035117572384627926,0.15099558712012892,0.0611376201141256,-0.05391324857140317,0.04343603495834736,0.03764753709441149,0.0,0.05344408618964652,0.09782751140371054,0.02365803229993127,0.0,0.006246419158757122,0.0,0.0,0.023676912739979794,-0.08102783848374823,-0.009455353638382319,-0.00957949338167327,-0.1033339214888755,0.0383854335676552,0.013239139221781049,-0.02268911571501797,-0.02444944134290644,-0.0187311181266836,0.08738636049623225,0.06998958712152026,-0.02218313037095132
113,-0.004912821670067208,-0.024741451664645142,0.0,-0.015644180636072036,0.0,-0.0019317560098847109,-0.021635101830130732,-0.09208512491276677,0.0,0.0,-0.016412327258540083,-0.0026053362308294248,-0.043965890208684744,-0.036689782736446935,0.0,-0.029238878567797888,0.0,-0.009964554337371978,-0.01803084425976889,0.0,0.0,-0.056269395621021595,-0.012661196300376737,-0.04796640103291239,-0.015134602912872414,0.0,-0.0392802788142913,-0.1276279752579863,0.0,0.0
114,0.0,0.0,-0.022244330073245666,0.017894461377579135,-0.013610371434421231,0.007746266514756794,-0.10502061327963605,-0.06401016582737143,0.029951897567096597,0.01962779690535768,0.012657073937533236,0.0,0.0,0.02999789603772207,0.0,0.031022802247307968,0.08909113631069589,-0.10039885055064995,0.0,0.021126775173428147,0.0,0.013738348588676619,0.016766965924314203,0.06817019877628233,-0.018618173087845247,0.00679854750163611,-0.1387540506722345,-0.2853249505026852,-0.23340656169676477,0.0
115,-0.004452040904986215,-0.023912158012392992,0.0,-0.01601162242404669,-0.007786489985072864,0.0,-0.019213531038682063,-0.08582059236418232,0.0,-0.0028869524694508653,-0.007113880805275696,0.0,-0.03692321837296014,-0.044349053592534604,0.0,0.0,0.0,-0.01816099918047448,0.0,0.0,-0.007500835397916628,-0.04884881992831602,-0.016459111389113046,-0.05155787816491797,-0.011123775266983105,0.0,-0.041795811133852334,-0.1189365498645586,-0.05193661053907245,-0.0020079694276782245
116,-0.00015905805248150884,0.059048745352690946,0.0,0.005893131183425326,0.013604086897683526,0.0,0.014706198187757952,0.045415084362587066,0.004562358562979318,0.0,0.006058458394667093,0.005410875699657314,0.013315612558714524,0.01760075269615366,0.0015301862264893717,0.006339781118903348,0.0,0.0,0.0,0.0038528681012998944,0.0007252858000079132,0.048629372460546605,0.005250859471623681,0.03964344367743383,0.007713496255800756,0.0,0.04743170567415053,0.053185382166265616,-0.01655652705882399,0.0
117,0.005265356146330613,-0.028681869987464692,-0.008053907507280883,0.012674542528221727,0.0,0.0,0.019654626127000835,0.21672884119677815,0.0,0.0,0.007316506964084313,0.012169685989688983,0.014637670204513314,0.036506535576756455,0.002889188974202428,-0.07232372860540148,0.03424564961030546,0.006117734110872852,0.0,0.0,0.0,-0.03638710275565901,0.005872450830881615,0.06267383602168108,-0.017135924631492383,0.0,0.07743787512230232,0.0773494933059809,-0.04575535948476983,0.0
118,0.0045725349184725095,0.06737304639171077,0.0,0.003697786695807753,0.0,0.0,0.022193381936025935,0.09958277945475388,0.002744669757417606,0.0048718944493851835,0.0,0.008093341371561286,0.006294188158218861,0.002992403254064163,0.0035197366646300132,-0.046659251595170786,0.020131632171373925,0.007961853406818237,0.0,0.009336616534464909,0.004498474000817265,0.043188408105387155,0.004032535415108396,0.04615773141840812,0.0,0.0,0.04572634851898799,0.04755862109765269,-0.02466663238836314,0.0
119,0.0,-0.02299060574221684,0.0,-0.009565108025515134,0.0,0.0,-0.026224605201635554,-0.10996834057487737,0.0,0.0,-0.014868171866377233,0.0,0.0,-0.02252053934486109,-0.008248896721183563,0.0,0.0,-0.0029940576492268056,0.0,0.0,0.0,-0.04866537638806229,-0.024519203407307066,-0.04983200478579758,-0.008899673394709096,0.021193525387002587,-0.05979230753062581,-0.1569978809564586,-0.06495938974502202,-0.006945264315593835
120,-0.029315842243758355,-0.04654478196101987,0.013814335075010772,-0.030047906221332077,0.09800061007589594,0.03601818547896074,-0.07101997396445212,-0.09077930283531789,0.017768644439835363,0.03809058879192151,-0.017425223756894342,0.09203843572750736,-0.10467565733857051,-0.10497719066013904,0.005887716590114445,0.04393437398355737,0.1803848196193594,-0.05348767217965392,-0.012923496978838545,0.05253429783620478,-0.015399406894447784,0.12438776213989267,0.04487703574129104,0.00397387742378269,0.055534675487977914,-0.01763550690933921,0.014288687069536343,0.008600545758671835,0.11454265172450354,0.03275681871727265
121,0.004823269892258841,0.07128222279840313,0.0,0.0040240602936167935,0.0,-0.028156177133133564,0.029199664235142336,0.07232153667301294,0.0,0.005825208900145901,0.0,0.0,0.021637079677103238,0.030351979929123363,0.009825617654159097,-0.0205743132058194,-0.030641088969663832,0.014743608819396348,-0.019306570327119854,0.0,0.003951847778923351,0.024590525242901312,0.007287720546112014,0.06092063098805489,0.004636042385775085,-0.014343697659632948,0.05808759979969383,0.0672370474037251,0.015612708433511868,-0.01013442441815715
122,0.00402323286525999,0.0074545734610977354,0.001184608501931833,0.010068974744912085,0.020710186893514976,-0.03250927277596119,0.022518982523310138,0.08461519778703872,0.0026065528031082863,0.0,0.01005944074165252,0.0,0.017813190382694327,0.031155848493884697,0.0,-0.028727673738659754,0.0,0.008957845845046525,0.0,0.006455200020771157,0.0,0.011981550842431465,0.018019086831342013,0.0352752093112452,0.004699276090360943,0.0,0.0706260607248275,0.07621402738772354,0.0,0.0
123,0.0,-0.018257058372875168,0.0,-0.03052656577695717,-0.003590583673082459,-0.0052914772853228376,-0.02893729421312094,-0.11603591994008927,0.0,0.0,0.0,-0.0020805944628191353,0.0,-0.052152019716485476,0.0,0.0,-0.008876246063780818,0.0,-0.013780831781972369,-0.003093055007222678,0.0,0.0,-0.016432509589977107,-0.0660242442777702,-0.027598806202314086,0.0,-0.047805469656995336,-0.17631522424168228,0.0,0.0
124,0.0011765522270248407,0.0,0.0,0.011516028329762173,0.0,0.0,0.03896180845069602,0.09662570325760886,0.0,0.0024848321544133356,0.0,0.012460837195581914,0.022154928907516497,0.045738377225220866,0.0019940384875112294,0.0,0.0,0.0,0.0023403481352257394,0.0,0.0,0.0,0.017885790729865625,0.05291193315173939,0.003995474419126621,0.0,0.0042442908917173505,0.06871115617452223,0.0,0.0
125,-0.021340876263776842,-0.009128284214080018,0.0,-0.0297904009591341,-0.01039636389506221,0.0,-0.026264633011497396,-0.09925519070417343,0.0,0.02008905753129725,-0.005381044381273292,0.0,-0.0441151292674547,-0.052011818394041176,0.0,-0.009082843370986082,0.0,-0.016734812151403156,-0.023563116875650214,0.016510378213327126,0.0,-0.0276140486837414,-0.006079410553433362,-0.05967117587397186,-0.010113206416106357,0.0,-0.04693045297371534,-0.15257376273741535,0.0,-0.003350765280175416
126,-0.014882429836742539,0.05335838640246626,0.0,-0.007906834729066226,0.0,0.0,-0.03576782745587276,-0.13344711955411126,0.0,0.0,-0.016502011544163087,0.0,-0.0032974285983173868,-0.03314113147979064,0.0,0.0,0.0,-0.006893001415520572,-0.0038562724615224253,0.0,0.0,-0.024859418552255458,-0.021127128064926726,-0.0768356629936775,-0.01888140775663355,0.018077084191728265,-0.05900585378682188,-0.16216487901766813,-0.06966496360957164,0.0
127,0.008405625123621335,0.007530788229064472,0.0,0.008363136789223596,0.0,-0.026324083704019813,0.012952894797530562,0.11295668065762121,0.005141601229488563,0.0,0.0,0.0,0.014013397010313122,0.02371008035521205,0.0,0.0,0.0029986376009142335,0.0,0.0,0.0,0.0041560114769497725,0.008863415568499011,0.006365189279469885,0.058335714920383724,0.0,0.0,0.06514639442350134,0.06421427023279047,0.00637234574696921,0.0
128,0.0,0.0,0.0,0.009540573469062952,0.028021065898788777,-0.02850254963388088,0.01580966197695402,0.12734349277745216,-0.0065632623630002,0.009135416836631438,0.009193080849071972,0.0,0.010465300405847172,0.03162244504963774,0.01166062608898294,-0.019660343091623927,-0.01064581686835464,0.0,-0.011653057558382113,0.0,0.007461619876100223,0.037175136116317065,0.011774116246299288,0.022785319020081463,0.004220036743737304,-0.0069839129439871195,0.06448783426405685,0.05886091404848909,0.007654402529251203,0.0
129,-0.007909012679850502,-0.03488939842254574,0.0,-0.029011864588407987,0.0,0.0,-0.04597396622461403,-0.09051414692734078,0.0,0.0,-0.0044188832746202,-0.006324211242729805,-0.0030736907124122026,-0.04510837290374342,0.0,0.017708582312731425,0.0,-0.004509469223339446,-0.012619865633879068,-0.004853353237127045,0.0,-0.02726143812105475,-0.01726546749010155,-0.04619476864057004,-0.008919363629852961,0.0,-0.04632236140423612,-0.12735819195392417,-0.05632735775095521,-0.015651298513893686
130,0.0,0.1182191756821295,0.017400055922534352,-0.03191764983859574,0.0,0.0,-0.05136163341491079,-0.13646375567538338,0.0,0.020831833640966024,0.0,-0.013371642285191887,-0.06089537464577449,-0.07103842386572812,0.0,0.0,0.03217888603103425,-0.042776047944430906,0.0,0.0,0.0,0.06864353610928225,-0.028995731154234206,-0.07683435747983602,-0.011439641985435123,0.01606143883603059,-0.06879608409265225,-0.1985711110009757,-0.09010232592012879,-0.00756904718116691
131,0.0,-0.036329015097472994,0.0,-0.02267641603216103,-0.010170274744170038,0.012856398524847656,-0.03513113710387661,-0.11078170140802418,0.018947210409934273,0.0,0.0,0.0,0.0,-0.011405123654718297,0.012160698418579585,0.0,0.04654830782763028,-0.027734560805988018,0.0,0.0,0.0,-0.06417280516801055,-0.027052598019292662,-0.05678678556717995,-0.022047260415273717,0.011848865895790262,-0.07406272997831226,-0.1549869651998646,-0.06582200814490446,0.0
132,0.010422133933387173,0.010007461954971736,0.0,0.009211881096355512,0.0213834495598412,-0.03463383948842902,0.019374612378268458,0.11736905946805093,0.0,0.0,0.0,0.0,0.009092173738884574,0.02075004174393416,0.015902240919281746,-0.02156741949842997,0.02685768218346174,0.006528354881357001,-0.01737529528047896,0.0,0.0,0.017721638354552594,0.010632368174404883,0.009446088412095877,0.0,0.0,0.05546906101542848,0.0658304244131431,0.03077998177745145,0.0
133,0.0,0.00320412973394707,-0.005405554248942845,0.010660379073061443,0.0,-0.048907856045752846,0.029011108139246677,0.18273768044301178,0.0,0.0,0.009374106649697206,0.010889242226982287,0.01858868532973018,0.03645404353429327,0.0,-0.07639827083341816,0.03611889332929524,0.004731649041202657,0.00390921752472706,-0.00721658146400464,0.0,0.0,0.011627803733495617,0.06302214513851723,0.009841710696371742,0.0,0.07228409688915641,0.07675299481274339,-0.04758325099516475,-0.010494272970663299
134,0.0,0.1045192999993334,0.0,-0.01012210571751837,0.027339814204330237,-0.03182489918162215,0.03068413016571206,0.09068367139714167,0.0,0.0,0.00822429193244445,0.0,0.02086733824510975,0.033610007171313794,0.01203093083142967,-0.029797128441337528,0.0,0.009270266703993113,-0.02291069510767388,0.0,0.0,0.05816240422044444,0.0,0.0,0.0,0.0,0.0,0.05006728784487938,0.03239748546955268,0.0
135,-0.009873179654570269,0.1543928676353956,0.0,-0.03846430016549257,0.0,0.0,-0.04324626597753248,-0.15122087106847215,0.0,0.02910605814374606,0.0,-0.01250733674012186,0.0,-0.060265817418352186,0.0,0.0,0.0629627185698608,-0.04600386906381729,0.0,0.0,0.0,0.07849462900098142,-0.028369695140863238,-0.07018760991417566,-0.022542431123792006,0.0,-0.08231534624936443,-0.2824951481137725,-0.09426230298212446,0.0
136,0.009239102264363114,0.017509481143456823,0.0,0.03213029951438623,0.003327383567190395,0.0,0.0,0.06364953724033395,0.0,0.0,0.029506051515653747,0.0,0.03192449225197069,0.08359905881637344,0.0,0.0,0.0,-0.013849488635438834,-0.046162889894109965,0.0,0.0,-0.01270973181388807,0.03541462098771536,0.06778519503945268,-0.03556953975024521,-0.011331037207865075,0.0,0.0,0.13850003228198474,-0.009760467583801224
137,0.007341281332817445,-0.01311648314224001,-0.004589618598903028,0.013667050940465414,-0.008527219872269134,-0.0445333135816805,0.029574354493187516,0.11096443022683111,0.0,0.00787892445598487,-0.011424089275778537,0.012175245496185316,0.018990906948245234,0.03967327683582278,0.0,-0.034096059704960935,0.0,0.0157635037500157,0.0,0.0047710228627115825,0.0,-0.007522870667303755,0.011887117191017788,0.0765084567993434,-0.013986789254649024,-0.013787514516431273,0.08360634792749683,0.10198413909162396,0.0,0.0
138,-0.010588839742240563,0.2772926621809174,0.0,0.014079648760822155,0.0,0.01430246004586358,-0.03384076668133665,-0.04629866148729743,0.025403415861158463,0.0,-0.013991455550422721,-0.017788915851951054,0.03213052596896984,-0.0336250690376958,0.0,0.01624840774009423,0.0,-0.04246240082820113,0.0,0.01123612708047475,0.0,0.17973608764792695,0.0,0.0,0.0,0.0,0.0,0.04220531056674276,-0.022283040433448614,-0.00855339650284348
139,-0.0025221658177655426,-0.011687057386233962,0.0,-0.0052616971614319885,-0.0046240293657061615,0.01744764194213469,-0.021658042178210157,-0.09038714757193145,0.0,0.0,0.0,-0.0069573471194619985,-0.006691301172152969,0.0,0.026308326199801974,-0.03355124882746563,0.0,0.0,-0.024471534575035148,0.0,0.0,-0.03262039204992931,-0.02570102919485079,-0.060114907061053546,-0.01944551880553952,0.0,-0.05867221913187873,-0.1799535055740072,-0.07623472541174992,0.0
140,0.0,0.006891505751869087,0.0,0.008769104250549858,0.001228948450808176,0.0,0.025086136571381756,0.07834836936623094,0.0,0.0,0.006007547305259875,0.010854398608397042,0.017660624555337623,0.04162692842948046,0.0024486124687616295,-0.06210190190659645,0.025888461092709425,0.013655748373695487,0.0,0.001962081704394991,0.004016260378731179,0.0,0.016910787360746887,0.056147151435343545,0.0,-0.010335394402248524,0.06523336445601724,0.07290336548666249,0.0,0.0
141,-0.0036223309899466316,-0.0318769108669249,0.0,-0.0301579164254569,0.0,0.0,-0.039605469619117484,-0.09370393414416295,0.0,0.0,0.0,-0.0027619000894936185,-0.02696567927056781,-0.05323937671551987,0.0,-0.004747293043439349,0.0,-0.025867098593764126,-0.02077136605105062,0.0,0.0,-0.024926737252803588,-0.015742641563050053,-0.048403255191811434,-0.01918196212579798,0.0,-0.0492294906076845,-0.12232143680540791,0.0,-0.0036731009064675524
142,0.0015433805718421678,0.05612808636827549,0.0,0.004506322540195229,0.005311216947510744,0.0022397497449593573,0.012128886639876824,0.08217531981629866,0.0,0.0,0.00327824470161181,0.0,0.012587070702106767,0.022710989663914438,0.0,-0.01643471714064315,0.015692197065586,0.0,0.0,0.0,0.0045327677472913885,0.043475472139340166,0.004064512286966276,0.038368229494093686,0.0024192443571933453,0.001226219539870843,0.0436931754382435,0.04355573111299915,0.0,0.0
143,0.0029356613745988858,0.057179382300959425,0.0,0.005919937411943715,0.015402347724671472,-0.028892644880145923,0.008282008192749157,0.08704809255656018,0.002609014843747648,0.0,0.008655633382049222,0.004054520728035416,0.008148657896479006,0.022580491091733546,0.007462172137152584,-0.017550923357778303,0.0,0.0,0.0,0.0025834877848725513,0.0,0.05272618823330036,0.013303575684325109,0.01936550582899907,0.005976837710180427,0.0,0.038602772359899895,0.04979122869653771,0.01701815203666157,0.0
144,0.0,-0.016619530120892234,0.011455311617561581,0.0,0.0,0.0,-0.04188137803286879,-0.11274779697955867,0.0,0.019655735387948015,0.0,-0.020288010591946737,-0.004252323220910015,-0.0218085696706527,0.0,0.0,0.0,-0.02252149366511122,0.0,-0.007855714557925192,0.0,-0.028735426927661123,-0.003980215027887646,-0.029058244822647517,-0.02364802330161836,0.02376883340714442,-0.0671158952639751,-0.18729371397342703,-0.07455725092187693,-0.009314193596162035
145,0.0,0.0029869214289360846,0.0,0.007230738024602529,0.0195433670695056,0.0,0.01891631044583303,0.09518735195110839,0.0,0.002883299227793207,0.010307587124672973,0.0027219475961830497,0.01577691051531019,0.02171070080740739,0.011658585570300528,0.0015082259543600651,0.0015079397262406369,0.0028480407560312615,0.0,0.0,0.0054199606387361765,0.015560007319222247,0.006352433104122535,0.027648300529585057,0.005835161313009818,0.0,0.052670786313582296,0.0513542146614748,0.003573309659514856,0.0
146,-0.008332669330010922,-0.04107982610017663,0.0,-0.01939648505027608,0.0,0.0,-0.030553559896281612,-0.102703528822218,0.0,0.0,0.0,0.0,-0.004889992566059209,-0.03853661317953849,0.01777941981487996,0.0,-0.01037841254046018,0.0,-0.004566982683335108,0.0,-0.013461109733196364,-0.048326379608760406,-0.019305375525432544,-0.07129360988443245,-0.021070021903963676,0.0,-0.06211998472481073,-0.12850599481420544,-0.010056773714189449,0.0
147,-0.01417438557208106,-0.013477223155663354,-0.0027735063674347304,-0.038650639920437935,0.0,-0.01407817670032796,-0.027464364177354372,-0.10107827888339968,0.0,-0.0025439217348069976,-0.016559551680280005,0.0,-0.030876022594657715,-0.04757048727135921,-0.002304611867188333,0.0,0.02949911273480088,-0.02562290787910282,0.0,-0.0048065059997352,0.0,-0.02457710289049425,-0.01018437273428563,-0.05192047887904866,0.0,-0.008130375863329709,-0.03484943569360527,-0.16311649055758976,-0.005440593557390405,-0.006097579017695143
148,-0.01391309232804483,-0.11225591159985512,0.0,-0.07086499000976482,0.0,0.0,0.014120524614704533,0.07383257802444845,0.0,-0.0143005426396835,0.03521584962364166,-0.024109545562599477,0.0,0.04178714645112469,0.03944048234988698,-0.1828822362056573,0.0,0.0,-0.08066469850386804,0.0,0.0,-0.05069364804626242,-0.02221961332292599,-0.13283976872029085,0.0,0.02769363567063393,-0.07906080386532899,-0.037029189570555454,-0.02805407662207071,0.0
149,0.0,0.04707368083961741,0.0037417662690032716,0.009138875478073127,0.0,-0.02862306012665361,0.020427645098664904,0.11226189559664002,0.0,0.009226634889027863,0.0022657601488653145,0.0,0.0117103904266814,0.020163036593033368,0.0038384394928269727,-0.04032394219212687,0.022945351316226492,0.0059191765438658395,-0.020911974079288603,0.004335274507005854,0.0,0.049815792930317404,0.011011433089544914,0.02729279376976612,0.008119965948526792,-0.00964761960725219,0.05386795608616418,0.056029381816970314,0.013094904343725428,-0.00957145944169302
150,-0.03143249575203105,-0.024368166135977365,0.0,-0.03456409437912916,0.0,-0.06210873806937772,0.011849282846853826,0.01562716198957792,-0.006629860276675503,0.012974494775092715,0.0,-0.0031118567200715264,-0.006652457473167284,-0.01954672417715675,0.0349928370073852,-0.15736785490587712,0.0,-0.002622300998073701,-0.04067725654006993,-0.006105960865333826,0.0,-0.05502417426577466,-0.03486051275872171,-0.07747652598452193,-0.027079557688709566,-0.00780710752939795,-0.04951714351116199,-0.037771079234309224,0.0,-0.007517809615839033
151,0.0,0.0739580843264514,-0.008630126926882087,0.009811311431993514,0.025470961825094063,-0.04771641942618762,0.01882044282199896,0.07213751935465246,0.0,0.009852775108487533,-0.008496599480812078,0.0,0.01493174225362745,0.014117481766820705,0.0,-0.06295155025611598,-0.03647199687875963,0.006464632111059604,0.0,0.0,0.003952244580327335,0.054427286686098836,0.010492986205421523,0.057059934694886294,0.011838720996056123,0.0,0.06751009427566185,0.08005930449147713,0.030124851767384497,-0.01356158199120916
152,0.002311516565197985,0.0066494684791600644,0.0,0.004445687256768499,0.015290138178855939,-0.033074367774608454,0.017376026161614377,0.1107479614701678,0.0,0.00835112478220676,0.009559461868267921,0.0,0.010820965113574776,0.02831508783539749,0.0,-0.01988529226173552,0.0,0.009725410399054779,0.0,0.0,0.006506873792761936,0.024368565330551095,0.003383981637031075,0.06066639042494354,0.007410195775880257,0.0,0.055364042525119894,0.05486886217732251,0.0,0.0
153,0.008238725314118761,0.009604210169193578,0.00420418483974605,0.014482092957810222,0.0,-0.0072864109874034855,0.027042907845977376,0.07936295819606634,0.0,0.010152621303818887,0.0,0.004115746865183234,0.017662621856746497,0.030146288351183465,0.002772514696993522,-0.025380812613570364,0.0,0.006217837064636578,0.0,0.005015418135706551,0.0,0.0,0.01054327081796319,0.026504967759763576,0.004137669993616422,-0.011627456281465887,0.07306974879815992,0.07598027831013612,0.01824271634315222,0.0
154,0.006074439782691232,-0.02118700256092329,0.0,0.00770676081769589,0.025243598971354198,-0.03845074819492919,0.02223252063807929,0.1555337882636348,0.0,0.0,0.011035660072820253,0.0,0.019581680388367495,0.03134712531866313,0.013339758973996196,-0.02441113661160954,0.0,0.00930191435627814,-0.020176985150435228,0.0,0.0024739227640032113,-0.03189943205097845,0.0067328699786324,0.061240796856366964,0.01645857088703706,0.0,0.06536949442570006,0.0739293956170887,0.0,-0.00827489380600055
155,0.0,-0.009307328328345577,0.0,-0.018644802633954627,0.0,0.0,-0.03847178859458178,-0.0900625889410267,0.0,0.0,-0.016536135525082707,0.0,-0.033471956918417256,-0.04436271953063775,0.0,0.0,0.040156360838933786,-0.030395829544119124,0.0,0.0,-0.008074683455837617,-0.020420319635966355,-0.018445069332784725,-0.046534897932073105,-0.014846678221938692,0.0,-0.06865750628506845,-0.13101505207874775,-0.05688117753670485,-0.010825726606114028
156,-0.005365572831325688,-0.06201964761837225,0.0,-0.03543158431274451,-0.0035505911893279063,0.01873055206843119,-0.04803861585733399,-0.14204489743984666,-0.002990571423516164,-0.018968702551679484,0.0,0.015565921695270546,0.0,-0.06114465741430364,0.0,0.0,-0.007322251651430245,-0.032294219454518325,0.0,-0.005999022762790018,-0.009339486191581814,-0.04283963722891104,-0.014711735718798302,-0.06870704317729048,-0.0262730108226662,0.014666911672059468,-0.04365115186627233,-0.02447854616395234,-0.0033550531739284795,-0.007235286847638522
157,0.002987674832100329,-0.01810133279650955,0.0,0.010136469883138294,0.025917760531476763,-0.0426356013897469,0.024636662359570488,0.1606713187195294,-0.011737143714742215,0.0,0.0,0.0,0.01630376541096748,0.03372461011653827,0.0,-0.05952240380934372,0.036803145764328415,0.008474658262902252,0.0,0.0,0.0,-0.011783981618688377,0.0,0.06126228347326479,0.004387675219795828,0.0,0.07003365716939985,0.06744800660576564,0.004194874717785679,0.0
158,0.0,0.011809171240057509,0.004190206786173961,0.010302843105182008,0.0,-0.03695097058278571,0.027323677604499302,0.0954325010921312,0.0,0.004017571623282146,0.0,-0.007424359701916072,0.014327888867723293,0.03240039932285843,0.003783616432516651,-0.02274231656198078,0.0,0.00832064262534124,-0.018042279570788133,0.00505066743981461,0.004491598663203589,0.034439304434391194,0.008495767931075066,0.011762415945278881,0.0,-0.006171616388985723,0.07944130195780069,0.09137235419274778,0.03365221991444617,-0.006080506634534577
159,0.0004127907098442074,0.04173876309094457,0.0,0.008735682964134545,0.021526888744258982,-0.03135995019250362,0.014729405602111834,0.10066464589567808,0.0,0.0,0.009398490326218006,0.0,0.010577361408835917,0.024412568080144303,0.0,-0.04823980652631418,0.021765163769477403,0.0,0.0,0.0,0.006437452253610393,0.02529079261232084,0.010109663972012822,0.05101324433067636,0.0038500288957377393,0.0,0.04518777532211812,0.052278450948385236,0.014672687529841189,0.0
160,0.007633437465498494,0.005174063942742085,0.001619862386089549,0.006418023096147113,0.017651381686869583,-0.03352689439679951,0.009937595387360415,0.11517644215632983,0.0,0.008146880493644482,0.00928124029156796,0.0,0.012108592336295854,0.028439075579923007,0.006468602288688341,-0.049680091894325235,0.02642684124090594,0.010410565591979976,0.0,0.0,0.005369158428861348,0.02974173835453639,0.005889482353670039,0.04760300908333187,0.01021721638409806,-0.009069862830246356,0.05082856661112892,0.054657964695292716,0.006279209003941855,0.0
161,0.006612186804418718,0.008341758022791274,0.0,0.01039468164945917,0.016125931874662325,0.0,0.004311877935752301,0.08518082641261382,0.003387094943236052,0.006473064768403702,0.009915562140339229,0.0,0.013633877711609066,0.037033122958414155,0.0,0.0010451115237874453,0.006759515060250687,0.0030250183125896113,0.002288294985256345,0.0,0.004100223865624059,0.013940520833642556,0.014685599527137078,0.06572813275762265,0.002318261098673835,0.0,0.0,0.07538569391241329,0.002826096916592913,-0.01031035427775756
162,0.0,0.06591327620749216,0.0,0.01035208486804759,0.0,-0.0349482017587352,0.010289540184214324,0.12753357056276227,0.0,0.0,0.0,0.0,0.01261999691676749,0.015496521033455918,0.0,-0.050570137670385235,0.02094274563641385,0.011187418496624274,-0.01200350672066916,0.0,0.005030266108346865,0.03242634682224141,0.007908525660182991,0.05263059329478234,0.0,0.0,0.05058547724909024,0.054821876042195544,0.0029857068047050017,0.0
163,0.00505709641687957,0.004304346561892269,0.0019845909831323616,0.011068545205747071,0.01610032336824152,0.0,0.0,0.04554936877935367,0.0,0.0,0.002324000936102022,0.010178746315762877,0.015801831930013055,0.028023107174558026,0.0,0.004582663457508934,0.04352585795522565,0.0,0.0,0.0,0.006779254131486168,0.017781658918599924,0.013570837142267533,0.07841867456407603,0.0,0.0,0.0,0.05340951110699216,0.024741684789693907,0.0
164,-0.019114238746465895,-0.12035737006752212,0.01266645384330961,-0.055333712877630226,0.08957965006142907,-0.20923432497615685,0.023094630587001896,0.07490101191028253,0.017412730990341824,-0.028474213791776115,-0.029617575211716485,0.0321790141774384,0.016503020709060456,-0.12051518342109252,0.0,-0.1187443555396113,0.0,0.0,0.0,0.010612269304346333,-0.019615112877045815,-0.17647729715148458,0.0,-0.10210755078398864,0.00494325500503795,-0.004146025454824065,0.10519605682328312,0.04665603149713121,-0.03475269167636352,-0.012052372595451666
165,0.0024246297885821277,0.08083453116130583,0.0,0.010126332813175792,0.0,0.0007950923524290832,0.019573871056392467,0.05982316902997764,0.0,0.0011941125099530492,0.0,0.003323305871859694,0.017305029921495074,0.019406051106493183,0.0,0.0,0.008757082061749993,0.005209177142543514,0.0,0.0,0.009169828283488446,0.030391101538482068,0.009513665581061176,0.05529738608086268,0.005895049471121017,0.0019459251281759848,0.0,0.04221675883838394,0.0,0.0
166,0.0,0.06044872303021562,0.0,0.007209926151991147,0.0,-0.04614981554948347,0.01923698705884569,0.07853417453214129,0.0,0.006263411300138827,0.0,0.0,0.020267921146586126,0.031414656122946416,0.0,-0.06586245669795043,0.0,0.0072857974871001485,0.0011344660252332606,0.0,0.0037390858510291947,0.05186927472238925,0.013858152399686435,0.031978512377105806,0.005670467783281619,0.0,0.06021541061785543,0.0695099542552006,0.026577451123219742,0.0
167,0.0,-0.03579665124725623,0.0,0.0077395336974210305,0.03417492666297839,0.0,0.029702773759146706,0.12228874156169722,0.0,0.01249355247978129,0.0011640651661243007,0.0,0.016512512355474962,0.024571246635726213,0.01463311439464235,-0.07742386172763904,0.0,0.012450370668811162,0.0,0.00390202305369608,0.0,-0.01778071905664247,0.014293670120575225,0.015406252008321575,0.01487690076056053,0.0,0.10439789723599502,0.0759309768440351,0.009664774364083306,0.0
168,0.00967563928077761,0.00397568068174578,0.0,0.014567662814180316,0.0,0.0,0.0021249368787525924,0.058654810069594165,0.0,0.01067535488888166,0.0,0.00988296017305973,0.013440101869122284,0.02619597060758916,0.0,0.0,0.03962859382260722,-0.013776562349883698,0.0,0.008202728379167606,0.0,0.020161040046186213,0.009237038340827508,0.07398433307650168,0.002890828994538408,0.0,0.004890819302387994,0.06236294983313381,0.026427213028362706,0.0
169,0.0,-0.05430368723501572,0.0,0.0,0.0,0.0,-0.04123956821894412,-0.16478501649567706,0.0,0.025193818774574273,-0.013299085613970252,0.0,-0.010393802594749202,-0.060615111826632984,0.0,0.022492986051213304,-0.010462501503597732,-0.03582994893073743,0.0,0.0,0.0,-0.048792841453972724,0.0,-0.04244305234098114,-0.017733499951384984,0.0,-0.049137302865593147,-0.03186969730658745,-0.08357958875041094,0.0
170,0.0,0.078167655773004,0.0,0.00933495030094919,0.007106193998136778,0.003889833011287841,0.0,0.0556872825850509,0.0,0.0019424200290181215,0.011835128311809051,0.0,0.01767832493837601,0.02545869513592547,0.0,0.0,0.024496246320513893,0.007253084606488824,-0.017335863102088872,0.005342256460667993,0.0032733438367740786,0.05592874095858111,0.012212633747051838,0.026737375456872797,0.005357503190194374,0.0,0.0,0.026745839357519924,0.022090454821399375,0.0
171,0.006166577797082462,0.008114670856329581,0.0,0.016817990106985453,0.02815300163350659,-0.030705271471425072,0.027646977972715342,0.12702681097402319,-0.007061923242279,-0.006821601675607136,0.0,0.0,0.0166092889998746,0.02126457653095018,0.012189074348857742,-0.028049076684112495,0.0064144816602133,0.009962246351055554,-0.021562000227781042,0.00622071903531507,0.0,0.00988876132484226,0.004276006153379752,0.026527421878022872,0.007612402072210311,0.0,0.06286844940437009,0.06272325379533705,0.028905601229847033,-0.011986339086180964
172,0.006974570428588178,0.06434504220098775,0.0,0.007687299125811592,0.02172143977101859,0.0,0.0,0.07643664442256337,0.0,0.008759263129551359,0.006614090447466275,0.0,0.008225196243645011,0.0372763661964777,0.0,0.005295369807915895,0.0,0.011455901039589156,-0.0164428561930183,0.0,0.0014184216402291505,0.007372710750041034,0.011295808167597565,0.03671874034220032,0.006310688481373811,0.0,0.008567989396875753,0.050927447432327855,0.0222419669062906,0.0
173,0.0,0.30854308321438245,0.010019462781907046,0.0,0.0035266825437807736,0.0,-0.034539168865536374,-0.05733929474639275,0.0,0.014809551161669349,0.0,0.016320616844531205,-0.049275435084395955,-0.049468742291223666,0.0,0.011398938910961887,0.033091696600870774,-0.021018812566929196,0.0,0.008225417378229904,0.007106127513131971,0.1264942621402698,-0.014019307980743606,0.0,0.00550925289779719,0.0,0.0,0.06381776928522193,0.0,0.0
174,0.0026646913301733854,0.05836455534024318,0.0,0.005977366123584821,0.02242557136298276,-0.036582919009313764,0.014079567023478845,0.07004386776029348,0.0,0.0055773378451968725,0.014444434382269847,0.0,0.014557747924347608,0.026409237343701653,0.002051546036537316,-0.025827393866767828,0.003119571793034265,0.013058181119782492,0.0,0.0028023500348722807,0.0,0.02264890288580887,0.010216030437751572,0.03352320311210796,0.00257435514122073,0.0,0.05494951687103203,0.06612437874519439,0.0,0.0
175,0.004352596974797701,-0.025934525507489398,0.002905887443546168,0.012191866575639143,0.0,-0.0364585810739152,0.029226265530394147,0.09827463506262235,0.0,0.00545173054628495,0.005290695861884576,0.004183624178455525,0.016967256063605662,0.01744132605975135,0.0,0.0,0.0,0.01442626994561369,0.0,0.0,0.0,0.0,0.014783564632110113,0.03276592449196028,0.0028496812006391092,-0.010292818162140588,0.08011017373443721,0.08934810465765458,0.03303739550313314,-0.0077189739814518266
176,-0.03276870391729936,-0.13196424435830634,0.0126322818047781,-0.04244640537646399,0.07347502078803297,-0.17068361693472214,0.024221724789499022,0.06351326821178654,0.015327460229496548,-0.0239674467220935,-0.012021361719365298,0.0,0.008280071573745051,-0.10936091190878083,0.0,-0.25179873004940556,0.10317510106244526,0.0,-0.06935780007406456,-0.026217025150170825,0.0,-0.08808478818529342,-0.045959749268337347,-0.13197984265930623,0.006914502730708261,-0.005493562580452582,0.10522728192803149,0.058373697831752835,0.08336554683447286,-0.029199669143154305
177,0.0,0.06658854122482516,0.0031891949334556524,0.0027547469314419815,0.023844586406760127,0.000805370177743403,0.027471000894273567,0.049424287805998,0.0,0.0030679022991502714,0.015946727270333028,0.0,0.010786686044893329,0.033012473856390584,0.010623327205278116,0.004174691225317273,0.0,0.01096659505223524,-0.01767197434554585,0.0,0.0,0.0674853555516865,0.006826405867146668,0.017682976320010202,0.0,0.0,0.0,0.04181751463684208,0.004405690379297389,0.0
178,0.009985775189744639,0.0,0.0020347288064537505,0.011296341599960014,0.0,-0.03252614752024105,0.028650456520587578,0.1331403004795314,0.0,0.0,0.005454287402937352,0.004662217593287249,0.012202861578128249,0.02424701155550016,0.0,0.0,0.0,0.007219591612485199,-0.019998875833499435,0.0,0.00905107397779309,0.014329892234713315,0.008811701529772342,0.0322735526358755,0.0,0.0,0.07036558690764994,0.05980697041059749,0.0021947730562559276,0.0
179,0.0,0.10291001455087773,0.0,0.002021014255641246,0.0,0.0,0.019533132848310042,-0.010736048584706587,0.0,0.0,0.0025778221254998956,0.0,0.018648171013809278,0.019315696776238955,0.0,-0.030724713701868134,0.0,0.013205069102798145,0.0,0.0,0.0036216989957078283,0.06812107405652695,0.014414050501603132,0.006535021458791618,0.0019382604408489934,0.0,0.07310232718456966,0.049337067051686445,0.029382441661197523,0.0
180,0.006453176003439337,0.005577022778060048,0.0,0.012195742207155191,0.003983360639321004,0.0,0.02760471671920267,0.06576918539511403,0.001442484029997776,0.009273646359943544,0.004336652838794225,0.0,0.013667979520104956,0.031008448693747248,0.0,0.0,0.0,0.0,0.0,0.0,0.0,0.02099439707164208,0.013134332630189427,0.031139752755236255,-0.011044408126994781,0.0,0.09570884668530705,0.05039473258272331,0.0015620309545493205,0.0
181,0.0,0.0,0.0,0.015875349184469284,0.0,-0.07592388625249595,0.029300104694406165,0.12698611731951767,-0.01689241544966366,0.014226049523184597,0.023674553433972567,0.013528201803963857,0.025514245222177073,0.06519774218970559,0.0,-0.10106873359526551,0.06270896288730218,0.007143958255275751,-0.03519832980858467,-0.007509154759262948,0.0,-0.05603664586528803,0.01544398081933776,0.11651634020731258,-0.02165075517583631,-0.01583656984749157,0.1471800898313544,0.06845410464084051,0.0,-0.018431209521398595
182,0.005538832071082578,0.060237110398759064,0.0,0.002464653493612995,0.0,0.0,0.016577255617960918,0.10546714356535511,0.0,0.0,0.0064504335153349746,0.0,0.010049269622420004,0.01818220022556502,0.0031920533321831146,0.0,0.00021088161109325543,0.005361980234394936,0.0,0.0,0.0,0.05317891924220314,0.006122476936119142,0.04710183464150862,0.0,0.0,0.0,0.04306705522993981,0.0,0.0
183,-0.007892599734950823,0.0,0.0,-0.04024536162107395,0.0,0.0,-0.04671790521372071,-0.15183083175593692,0.0,-0.0036824145172918987,-0.0137824815374884,0.0,-0.05430654406440821,-0.08724569341091082,0.0,-0.01563333923644744,0.0,0.0,0.0,-0.007984619777303026,0.0,0.0,-0.028734658347075503,-0.07589579952969627,0.0,0.0,-0.06498080847960214,-0.01475906698649987,-0.0031057760500612375,0.0
184,-0.021790358313707958,0.0,0.0,-0.03426153971404994,0.0,-0.00798168503461516,-0.02633698654010419,-0.12089089847041984,-0.005942630073291877,0.0,-0.004931894313890961,0.0,-0.045759378273712126,-0.05678798609988345,-0.004387236191424615,0.0,0.0,-0.01684199135200748,-0.0043453428202658295,0.02206160489570641,0.0,0.0,-0.021674857986510532,-0.058037887594425075,-0.025231011122533176,0.0,-0.040830655676922956,-0.16056999463650928,0.030280354760106154,-0.012537525704005348
185,0.0,-0.013047839965272756,0.0,-0.0007918301002608485,0.0,-0.007567480042633523,-0.04264529833437758,-0.1358489724800438,0.0,0.0,-0.0018483328220955664,0.0,-0.010793616021290198,-0.08463646638292771,0.0,0.0,0.0,-0.026914310888590143,-0.03108585097357952,0.0,-0.008602710360209098,-0.030970027877186723,0.0,-0.07240042022383708,-0.037032291478408697,0.0,-0.06471599663515992,-0.03434691261632106,-0.013549543060273006,0.0
186,-0.009711991031490508,-0.16512212999675369,0.0,-0.005075804428278485,-0.008245996851546589,0.0,-0.060838663957033134,-0.00700197836475952,0.0,0.0,-0.003982886344634395,-0.01196879386403965,0.0,0.0,0.0,0.03416313670774629,0.0,0.0,0.0,0.03190955968663722,0.0,-0.13223842245721562,-0.022095990863821524,-0.07194300802584225,0.0,0.0,-0.10834099560148791,-0.02876715820901765,-0.04156613435127379,-0.005970642309656049
187,0.0030601068514149177,0.11815914553431031,0.0,0.011468512683427218,0.0,0.0,0.02628389494452915,0.04734673336477094,0.0,0.0023949307050930707,0.0,0.0,0.019440583453452454,0.03316132493850801,0.0,-0.032006269241265595,0.0,0.0,0.0,0.0,0.0,0.0690319406884547,0.008608283252798332,0.026459661581028193,0.0,0.0,0.0,0.04979325098101106,0.0,0.0
